Workbook

Sheet Roster
A1: Player_Name | B1: Team | C1: Flight_ID | D1: Full_HCP | E1: Tee_Box | F1: Player_Order
A2: Fercho | B2: Blue | C2: Flight_1 | D2: 15 | E2: Ventaja Blanca | F2: 1
A3: Gaitan | B3: Blue | C3: Flight_1 | D3: 20 | E3: Ventaja Blanca | F3: 2
A4: Fito | B4: Red | C4: Flight_1 | D4: 11 | E4: Ventaja Blanca | F4: 3
A5: Adri Mejia | B5: Red | C5: Flight_1 | D5: 14 | E5: Ventaja Rojas | F5: 4
A6: Otto Fenwarth | B6: Blue | C6: Flight_2 | D6: 22 | E6: Ventaja Blanca | F6: 1
A7: Valenzuela | B7: Blue | C7: Flight_2 | D7: 11 | E7: Ventaja Blanca | F7: 2
A8: Cadavid | B8: Red | C8: Flight_2 | D8: 10 | E8: Ventaja Blanca | F8: 3
A9: Saenz | B9: Red | C9: Flight_2 | D9: 8 | E9: Ventaja Blanca | F9: 4
A10: Vargas | B10: Blue | C10: Flight_3 | D10: 14 | E10: Ventaja Blanca | F10: 1
A11: Mon | B11: Blue | C11: Flight_3 | D11: 19 | E11: Ventaja Blanca | F11: 2
A12: Berris | B12: Red | C12: Flight_3 | D12: 12 | E12: Ventaja Blanca | F12: 3
A13: Pablo Rueda | B13: Red | C13: Flight_3 | D13: 18 | E13: Ventaja Blanca | F13: 4
... A33: Camacho | B33: Red | C33: Flight_8 | D33: 13 | E33: Ventaja Blanca | F33: 4

Sheet Course
A1: Hole | B1: Par | C1: Hole_HCP_Index | D1: Ventaja Azul | E1: Ventaja Blanca | F1: Ventaja Rojas | G1: Ventaja Mixta | H1: Hole_1_9 | I1: Hole_10_18 | J1: Hole_Image | K1: Hole_Image_Red
A2: 1 | B2: 4 | C2: 3 | D2: 3 | E2: 3 | F2: 3 | G2: 3 | H2: 1 | I2: 10 | J2: https://storage.googleapis.com/glide-prod.appspot.com/uploads-v2/i8A0lNzzsZLQ68w3K8X6/pub/f8hD0k3v47Xnhg0gJI54.svg | K2: https://storage.googleapis.com/glide-prod.appspot.com/uploads-v2/i8A0lNzzsZLQ68w3K8X6/pub/M9kXOgQ7LzogO5SJoFLF.svg
A3: 2 | B3: 5 | C3: 9 | D3: 9 | E3: 9 | F3: 9 | G3: 9 | H3: 2 | I3: 11 | J3: https://storage.googleapis.com/glide-prod.appspot.com/uploads-v2/i8A0lNzzsZLQ68w3K8X6/pub/xSsRozFPLUn2lZ9MMJoh.svg | K3: https://storage.googleapis.com/glide-prod.appspot.com/uploads-v2/i8A0lNzzsZLQ68w3K8X6/pub/Jbt3Zujjw5ppM8rDK1Sv.svg
A4: 3 | B4: 4 | C4: 17 | D4: 17 | E4: 17 | F4: 17 | G4: 17 | H4: 3 | I4: 12 | J4: https://storage.googleapis.com/glide-prod.appspot.com/uploads-v2/i8A0lNzzsZLQ68w3K8X6/pub/lK0BFuqyL7YUlT6QULay.svg | K4: https://storage.googleapis.com/glide-prod.appspot.com/uploads-v2/i8A0lNzzsZLQ68w3K8X6/pub/jzUysXtjPRB9trTsZ0ql.svg
A5: 4 | B5: 4 | C5: 15 | D5: 15 | E5: 15 | F5: 11 | G5: 15 | H5: 4 | I5: 13 | J5: https://storage.googleapis.com/glide-prod.appspot.com/uploads-v2/i8A0lNzzsZLQ68w3K8X6/pub/8VCXJkjdjE38WVrhBodz.svg | K5: https://storage.googleapis.com/glide-prod.appspot.com/uploads-v2/i8A0lNzzsZLQ68w3K8X6/pub/4YG7hqx4n9vRbN1R69QM.svg
A6: 5 | B6: 3 | C6: 7 | D6: 7 | E6: 7 | F6: 5 | G6: 6 | H6: 5 | I6: 14 | J6: https://storage.googleapis.com/glide-prod.appspot.com/uploads-v2/i8A0lNzzsZLQ68w3K8X6/pub/ChulCLzux677x8akEqbp.svg | K6: https://storage.googleapis.com/glide-prod.appspot.com/uploads-v2/i8A0lNzzsZLQ68w3K8X6/pub/wlDDyss750IBhHmbQJHr.svg
A7: 6 | B7: 4 | C7: 5 | D7: 5 | E7: 5 | F7: 15 | G7: 10 | H7: 6 | I7: 15 | J7: https://storage.googleapis.com/glide-prod.appspot.com/uploads-v2/i8A0lNzzsZLQ68w3K8X6/pub/PeSpKAiLbKDkhbvv29sp.svg | K7: https://storage.googleapis.com/glide-prod.appspot.com/uploads-v2/i8A0lNzzsZLQ68w3K8X6/pub/3KrnbpsCnS77cKlypT8b.svg
A8: 7 | B8: 3 | C8: 13 | D8: 13 | E8: 13 | F8: 13 | G8: 13 | H8: 7 | I8: 16 | J8: https://storage.googleapis.com/glide-prod.appspot.com/uploads-v2/i8A0lNzzsZLQ68w3K8X6/pub/CR7yowrJrQq4bQw2k8Ql.svg | K8: https://storage.googleapis.com/glide-prod.appspot.com/uploads-v2/i8A0lNzzsZLQ68w3K8X6/pub/qLmZDgwPfBG9SapcEsQN.svg
A9: 8 | B9: 5 | C9: 11 | D9: 11 | E9: 11 | F9: 7 | G9: 7 | H9: 8 | I9: 17 | J9: https://storage.googleapis.com/glide-prod.appspot.com/uploads-v2/i8A0lNzzsZLQ68w3K8X6/pub/D3UstOHqjFAkirDq7NGM.svg | K9: https://storage.googleapis.com/glide-prod.appspot.com/uploads-v2/i8A0lNzzsZLQ68w3K8X6/pub/lIVrlUBCcswxvlJTTP3B.svg
A10: 9 | B10: 4 | C10: 1 | D10: 1 | E10: 1 | F10: 1 | G10: 1 | H10: 9 | I10: 18 | J10: https://storage.googleapis.com/glide-prod.appspot.com/uploads-v2/i8A0lNzzsZLQ68w3K8X6/pub/V9Z0FWr0rv0ShDU67XyR.svg | K10: https://storage.googleapis.com/glide-prod.appspot.com/uploads-v2/i8A0lNzzsZLQ68w3K8X6/pub/qUydupJtpoR1Yxq2K4cf.svg
A11: 10 | B11: 5 | C11: 10 | D11: 10 | E11: 10 | F11: 6 | G11: 8
A12: 11 | B12: 4 | C12: 2 | D12: 2 | E12: 2 | F12: 2 | G12: 2
A13: 12 | B13: 3 | C13: 4 | D13: 4 | E13: 4 | F13: 10 | G13: 4
A14: 13 | B14: 4 | C14: 6 | D14: 6 | E14: 6 | F14: 4 | G14: 5
A15: 14 | B15: 4 | C15: 16 | D15: 16 | E15: 16 | F15: 12 | G15: 16
A16: 15 | B16: 3 | C16: 18 | D16: 18 | E16: 18 | F16: 18 | G16: 18
A17: 16 | B17: 4 | C17: 14 | D17: 14 | E17: 14 | F17: 14 | G17: 14
A18: 17 | B18: 4 | C18: 8 | D18: 8 | E18: 8 | F18: 16 | G18: 12
A19: 18 | B19: 5 | C19: 12 | D19: 12 | E19: 12 | F19: 8 | G19: 11

Sheet Settings
A1: Setting_Name | B1: Value | C1: 🔒 Row ID
A2: HCP_Fourball_Individual | B2: 0.8 | C2: 3Cs9VFFQRIWi.UtnG48yPw
A3: HCP_Scramble_A_Player | B3: 0.6 | C3: ZWljtQxCT4KfOIeJWhCOHg
A4: HCP_Scramble_B_Player | B4: 0.4 | C4: 4SDk6-7jQaqaQlZTVQt5bQ

Sheet Awards
A1: Award | B1: Winner_Flight
A2: Longest Drive (Hole 10)
A3: Nearest to Pin (Hole 15)

Sheet Front9_Scores
A1: Flight_ID | B1: Player_Name | C1: Hole | D1: Gross_Score | E1: Player_Email
A2: Flight_7 | B2: Pocho | C2: 1 | D2: 4 | E2: philipp@hasskamp.de
A3: Flight_7 | B3: Phil | C3: 1 | D3: 5 | E3: philipp@hasskamp.de
A4: Flight_7 | B4: Velez | C4: 1 | D4: 5 | E4: philipp@hasskamp.de
A5: Flight_7 | B5: JP Mosquera | C5: 1 | D5: 5 | E5: philipp@hasskamp.de
A6: Flight_5 | B6: Sardi | C6: 1 | D6: 5 | E6: pulidostellabatti@gmail.com
A7: Flight_5 | B7: Pulido | C7: 1 | D7: 4 | E7: pulidostellabatti@gmail.com
A8: Flight_5 | B8: JC Casas | C8: 1 | D8: 6 | E8: pulidostellabatti@gmail.com
A9: Flight_5 | B9: Otoya | C9: 1 | D9: 4 | E9: pulidostellabatti@gmail.com
A10: Flight_7 | B10: Phil | C10: 2 | D10: 5 | E10: philipp@hasskamp.de
A11: Flight_7 | B11: Pocho | C11: 2 | D11: 5 | E11: philipp@hasskamp.de
A12: Flight_7 | B12: Velez | C12: 2 | D12: 5 | E12: philipp@hasskamp.de
A13: Flight_7 | B13: JP Mosquera | C13: 2 | D13: 5 | E13: philipp@hasskamp.de
... A52: Flight_3 | B52: Berris | C52: 1 | D52: 4 | E52: Pipe1188@hotmail.com
E53: simon.torres@gmail.com
A54: Flight_3 | B54: Pablo Rueda | C54: 1 | D54: 5 | E54: Pipe1188@hotmail.com
A55: Flight_5 | B55: Otoya | C55: 4 | D55: 5 | E55: pulidostellabatti@gmail.com
A56: Flight_5 | B56: Sardi | C56: 4 | D56: 4 | E56: pulidostellabatti@gmail.com
A57: Flight_5 | B57: JC Casas | C57: 4 | D57: 5 | E57: pulidostellabatti@gmail.com
A58: Flight_5 | B58: Pulido | C58: 4 | D58: 4 | E58: pulidostellabatti@gmail.com
A59: Flight_8 | B59: Veronica Perez | C59: 3 | D59: 4 | E59: Juanpablocamacho@hotmail.com
A60: Flight_8 | B60: Bernie | C60: 3 | D60: 5 | E60: Juanpablocamacho@hotmail.com
A61: Flight_8 | B61: Camacho | C61: 3 | D61: 4 | E61: Juanpablocamacho@hotmail.com
A62: Flight_8 | B62: Pilarica | C62: 3 | D62: 6 | E62: Juanpablocamacho@hotmail.com
A63: Flight_6 | B63: Schneider | C63: 1 | D63: 5 | E63: Christianscj@yahoo.com
A64: Flight_1 | B64: Fercho | C64: 3 | D64: 5 | E64: camilo.fer@gmail.com
E65: camilo.fer@gmail.com
A66: Flight_1 | B66: Gaitan | C66: 3 | D66: 5 | E66: camilo.fer@gmail.com
A67: Flight_1 | B67: Fito | C67: 3 | D67: 5 | E67: camilo.fer@gmail.com
A68: Flight_1 | B68: Adri Mejia | C68: 3 | D68: 4 | E68: camilo.fer@gmail.com
A69: Flight_7 | B69: Pocho | C69: 5 | D69: 4 | E69: philipp@hasskamp.de
A70: Flight_7 | B70: Phil | C70: 5 | D70: 4 | E70: philipp@hasskamp.de
A71: Flight_7 | B71: Velez | C71: 5 | D71: 4 | E71: philipp@hasskamp.de
A72: Flight_7 | B72: JP Mosquera | C72: 5 | D72: 3 | E72: philipp@hasskamp.de
A73: Flight_6 | B73: Garcia | C73: 1 | D73: 4 | E73: Christianscj@yahoo.com
A74: Flight_6 | B74: Pablo Acosta | C74: 1 | D74: 5 | E74: Christianscj@yahoo.com
A75: Flight_6 | B75: Ana Maria | C75: 1 | D75: 4 | E75: Christianscj@yahoo.com
A76: Flight_2 | B76: Saenz | C76: 2 | D76: 5 | E76: t_valenzuela17@yahoo.com.co
A77: Flight_2 | B77: Cadavid | C77: 2 | D77: 5 | E77: t_valenzuela17@yahoo.com.co
... A283: Flight_4 | B283: Esguerra | C283: 9 | D283: 4 | E283: Lucapfeifer@gmail.com

Sheet Back9_Scores
A1: Flight_ID | B1: Hole | C1: Red_Scramble_Score | D1: Blue_Scramble_Score | E1: Scramble_Key
A2: Flight_7 | B2: 10 | C2: 4 | E2: Flight_7 - 10 - Red
A3: Flight_7 | B3: 10 | D3: 3 | E3: Flight_7 - 10 - Blue
A4: Flight_5 | B4: 10 | C4: 5 | E4: Flight_5 - 10 - Red
A5: Flight_5 | B5: 10 | D5: 4 | E5: Flight_5 - 10 - Blue
A6: Flight_5 | B6: 11 | C6: 4 | E6: Flight_5 - 11 - Red
A7: Flight_5 | B7: 11 | D7: 4 | E7: Flight_5 - 11 - Blue
A8: Flight_7 | B8: 11 | C8: 4 | E8: Flight_7 - 11 - Red
A9: Flight_7 | B9: 11 | D9: 5 | E9: Flight_7 - 11 - Blue
A10: Flight_8 | B10: 10 | C10: 4 | E10: Flight_8 - 10 - Red
A11: Flight_8 | B11: 10 | D11: 5 | E11: Flight_8 - 10 - Blue
A12: Flight_7 | B12: 12 | D12: 3 | E12: Flight_7 - 12 - Blue
A13: Flight_7 | B13: 12 | C13: 4 | E13: Flight_7 - 12 - Red
A14: Flight_5 | B14: 12 | C14: 3 | E14: Flight_5 - 12 - Red
A15: Flight_5 | B15: 12 | D15: 3 | E15: Flight_5 - 12 - Blue
A16: Flight_1 | B16: 10 | C16: 4 | E16: Flight_1 - 10 - Red
A17: Flight_1 | B17: 10 | D17: 5 | E17: Flight_1 - 10 - Blue
A18: Flight_5 | B18: 13 | C18: 3 | E18: Flight_5 - 13 - Red
A19: Flight_5 | B19: 13 | D19: 3 | E19: Flight_5 - 13 - Blue
A20: Flight_7 | B20: 13 | C20: 5 | E20: Flight_7 - 13 - Red
A21: Flight_7 | B21: 13 | D21: 4 | E21: Flight_7 - 13 - Blue
A22: Flight_5 | B22: 14 | C22: 4 | E22: Flight_5 - 14 - Red
A23: Flight_5 | B23: 14 | D23: 4 | E23: Flight_5 - 14 - Blue
A24: Flight_5 | B24: 15 | C24: 3 | E24: Flight_5 - 15 - Red
A25: Flight_5 | B25: 15 | D25: 4 | E25: Flight_5 - 15 - Blue
A26: Flight_1 | B26: 11 | D26: 5 | E26: Flight_1 - 11 - Blue
A27: Flight_1 | B27: 11 | C27: 4 | E27: Flight_1 - 11 - Red
A28: Flight_3 | B28: 10 | C28: 5 | E28: Flight_3 - 10 - Red
A29: Flight_3 | B29: 10 | D29: 5 | E29: Flight_3 - 10 - Blue
A30: Flight_1 | B30: 12 | C30: 2 | E30: Flight_1 - 12 - Red
A31: Flight_1 | B31: 12 | D31: 3 | E31: Flight_1 - 12 - Blue
A32: Flight_2 | B32: 10 | D32: 5 | E32: Flight_2 - 10 - Blue
A33: Flight_2 | B33: 10 | C33: 5 | E33: Flight_2 - 10 - Red
A34: Flight_2 | B34: 11 | D34: 4 | E34: Flight_2 - 11 - Blue
A35: Flight_2 | B35: 11 | C35: 4 | E35: Flight_2 - 11 - Red
A36: Flight_7 | B36: 14 | C36: 4 | E36: Flight_7 - 14 - Red
A37: Flight_7 | B37: 14 | D37: 4 | E37: Flight_7 - 14 - Blue
A38: Flight_6 | B38: 10 | C38: 4 | E38: Flight_6 - 10 - Red
A39: Flight_3 | B39: 11 | C39: 5 | E39: Flight_3 - 11 - Red
A40: Flight_6 | B40: 10 | D40: 4 | E40: Flight_6 - 10 - Blue
A41: Flight_3 | B41: 11 | D41: 4 | E41: Flight_3 - 11 - Blue
A42: Flight_8 | B42: 11 | C42: 4 | E42: Flight_8 - 11 - Red
A43: Flight_8 | B43: 11 | D43: 4 | E43: Flight_8 - 11 - Blue
A44: Flight_8 | B44: 12 | C44: 3 | E44: Flight_8 - 12 - Red
A45: Flight_8 | B45: 12 | D45: 3 | E45: Flight_8 - 12 - Blue
A46: Flight_8 | B46: 13 | C46: 4 | E46: Flight_8 - 13 - Red
A47: Flight_8 | B47: 13 | D47: 4 | E47: Flight_8 - 13 - Blue
A48: Flight_7 | B48: 15 | C48: 3 | E48: Flight_7 - 15 - Red
A49: Flight_7 | B49: 15 | D49: 3 | E49: Flight_7 - 15 - Blue
A50: Flight_1 | B50: 13 | C50: 4 | E50: Flight_1 - 13 - Red
A51: Flight_1 | B51: 13 | D51: 4 | E51: Flight_1 - 13 - Blue
A52: Flight_5 | B52: 16 | C52: 4 | E52: Flight_5 - 16 - Red
A53: Flight_5 | B53: 16 | D53: 6 | E53: Flight_5 - 16 - Blue
A54: Flight_5 | B54: 17 | D54: 4 | E54: Flight_5 - 17 - Blue
A55: Flight_5 | B55: 17 | C55: 3 | E55: Flight_5 - 17 - Red
A56: Flight_2 | B56: 12 | D56: 3 | E56: Flight_2 - 12 - Blue
A57: Flight_2 | B57: 12 | C57: 4 | E57: Flight_2 - 12 - Red
A58: Flight_5 | B58: 18 | C58: 4 | E58: Flight_5 - 18 - Red
A59: Flight_5 | B59: 18 | D59: 6 | E59: Flight_5 - 18 - Blue
A60: Flight_4 | B60: 10 | C60: 5 | E60: Flight_4 - 10 - Red
A61: Flight_4 | B61: 10 | D61: 6 | E61: Flight_4 - 10 - Blue
A62: Flight_8 | B62: 14 | D62: 4 | E62: Flight_8 - 14 - Blue
A63: Flight_8 | B63: 14 | C63: 4 | E63: Flight_8 - 14 - Red
A64: Flight_6 | B64: 11 | C64: 3 | E64: Flight_6 - 11 - Red
A65: Flight_6 | B65: 11 | D65: 4 | E65: Flight_6 - 11 - Blue
A66: Flight_2 | B66: 13 | C66: 4 | E66: Flight_2 - 13 - Red
A67: Flight_2 | B67: 13 | D67: 4 | E67: Flight_2 - 13 - Blue
A68: Flight_7 | B68: 16 | C68: 4 | E68: Flight_7 - 16 - Red
A69: Flight_7 | B69: 16 | D69: 3 | E69: Flight_7 - 16 - Blue
A70: Flight_3 | B70: 12 | C70: 3 | E70: Flight_3 - 12 - Red
A71: Flight_3 | B71: 12 | D71: 3 | E71: Flight_3 - 12 - Blue
A72: Flight_7 | B72: 17 | C72: 4 | E72: Flight_7 - 17 - Red
A73: Flight_7 | B73: 17 | D73: 3 | E73: Flight_7 - 17 - Blue
A74: Flight_3 | B74: 13 | C74: 4 | E74: Flight_3 - 13 - Red
A75: Flight_3 | B75: 13 | D75: 3 | E75: Flight_3 - 13 - Blue
A76: Flight_1 | B76: 14 | C76: 4 | E76: Flight_1 - 14 - Red
A77: Flight_1 | B77: 14 | D77: 4 | E77: Flight_1 - 14 - Blue
A78: Flight_8 | B78: 15 | D78: 3 | E78: Flight_8 - 15 - Blue
A79: Flight_8 | B79: 15 | C79: 4 | E79: Flight_8 - 15 - Red
A80: Flight_4 | B80: 11 | C80: 5 | E80: Flight_4 - 11 - Red
A81: Flight_4 | B81: 11 | D81: 4 | E81: Flight_4 - 11 - Blue
A82: Flight_6 | B82: 12 | C82: 4 | E82: Flight_6 - 12 - Red
A83: Flight_6 | B83: 12 | D83: 3 | E83: Flight_6 - 12 - Blue
A84: Flight_1 | B84: 15 | C84: 3 | E84: Flight_1 - 15 - Red
A85: Flight_1 | B85: 15 | D85: 3 | E85: Flight_1 - 15 - Blue
A86: Flight_2 | B86: 14 | D86: 5 | E86: Flight_2 - 14 - Blue
A87: Flight_2 | B87: 14 | C87: 4 | E87: Flight_2 - 14 - Red
A88: Flight_4 | B88: 12 | C88: 3 | E88: Flight_4 - 12 - Red
A89: Flight_4 | B89: 12 | D89: 4 | E89: Flight_4 - 12 - Blue
A90: Flight_3 | B90: 14 | C90: 4 | E90: Flight_3 - 14 - Red
A91: Flight_3 | B91: 14 | D91: 4 | E91: Flight_3 - 14 - Blue
A92: Flight_2 | B92: 15 | D92: 3 | E92: Flight_2 - 15 - Blue
A93: Flight_2 | B93: 15 | C93: 3 | E93: Flight_2 - 15 - Red
A94: Flight_6 | B94: 13 | C94: 4 | E94: Flight_6 - 13 - Red
A95: Flight_6 | B95: 13 | D95: 4 | E95: Flight_6 - 13 - Blue
A96: Flight_8 | B96: 16 | C96: 4 | E96: Flight_8 - 16 - Red
A97: Flight_8 | B97: 16 | D97: 5 | E97: Flight_8 - 16 - Blue
A98: Flight_7 | B98: 18 | D98: 4 | E98: Flight_7 - 18 - Blue
A99: Flight_4 | B99: 13 | C99: 4 | E99: Flight_4 - 13 - Red
A100: Flight_4 | B100: 13 | D100: 4 | E100: Flight_4 - 13 - Blue
...

Sheet Calc_Engine
A1: Flight_ID | B1: Player_Name | C1: Team | D1: Full_HCP | E1: Play_HCP_80pct | F1: Tee_Box | G1: Tee_Category | H1: Pair_Row | I1: Pair_ID | J1: Team | K1: HCP_A_Player | L1: HCP_B_Player | M1: Pair_Scramble_HCP | N1: Is_Mixed_Pair | Q1: RED TOTAL | R1: BLUE TOTAL
A2: =Roster!C2 -> Flight_1 | B2: =Roster!A2 -> Fercho | C2: =Roster!B2 -> Blue | D2: =Roster!D2 -> 15 | E2: =ROUND(D2*Settings!$B$2,0) -> 12 | F2: =Roster!E2 -> Ventaja Blanca | G2: Men | H2: 2 | I2: F1-Red | J2: Red | K2: =D4 -> 11 | L2: =D5 -> 14 | M2: =(K2+L2)*0.3 -> 7.5 | N2: =G4 <> G5 -> TRUE | Q2: =SUM(G216:G247) -> 21 | R2: =SUM(H216:H247) -> 19
A3: =Roster!C3 -> Flight_1 | B3: =Roster!A3 -> Gaitan | C3: =Roster!B3 -> Blue | D3: =Roster!D3 -> 20 | E3: =ROUND(D3*Settings!$B$2,0) -> 16 | F3: =Roster!E3 -> Ventaja Blanca | G3: Men | H3: 2 | I3: F1-Blue | J3: Blue | K3: =D2 -> 15 | L3: =D3 -> 20 | M3: =(K3+L3)*0.3 -> 10.5 | N3: =G2 <> G3 -> FALSE
A4: =Roster!C4 -> Flight_1 | B4: =Roster!A4 -> Fito | C4: =Roster!B4 -> Red | D4: =Roster!D4 -> 11 | E4: =ROUND(D4*Settings!$B$2,0) -> 9 | F4: =Roster!E4 -> Ventaja Blanca | G4: Men | H4: 4 | I4: F2-Red | J4: Red | K4: =D8 -> 10 | L4: =D9 -> 8 | M4: =(K4+L4)*0.3 -> 5.4 | N4: =G8 <> G9 -> FALSE
A5: =Roster!C5 -> Flight_1 | B5: =Roster!A5 -> Adri Mejia | C5: =Roster!B5 -> Red | D5: =Roster!D5 -> 14 | E5: =ROUND(D5*Settings!$B$2,0) -> 11 | F5: =Roster!E5 -> Ventaja Rojas | G5: Women | H5: 4 | I5: F2-Blue | J5: Blue | K5: =D6 -> 22 | L5: =D7 -> 11 | M5: =(K5+L5)*0.3 -> 9.9 | N5: =G6 <> G7 -> FALSE
A6: =Roster!C9 -> Flight_2 | B6: =Roster!A6 -> Otto Fenwarth | C6: =Roster!B6 -> Blue | D6: =Roster!D6 -> 22 | E6: =ROUND(D6*Settings!$B$2,0) -> 18 | F6: =Roster!E6 -> Ventaja Blanca | G6: Men | H6: 6 | I6: F3-Red | J6: Red | K6: =D12 -> 12 | L6: =D13 -> 18 | M6: =(K6+L6)*0.3 -> 9 | N6: =G12 <> G13 -> FALSE
A7: =Roster!C7 -> Flight_2 | B7: =Roster!A7 -> Valenzuela | C7: =Roster!B7 -> Blue | D7: =Roster!D7 -> 11 | E7: =ROUND(D7*Settings!$B$2,0) -> 9 | F7: =Roster!E7 -> Ventaja Blanca | G7: Men | H7: 6 | I7: F3-Blue | J7: Blue | K7: =D10 -> 14 | L7: =D11 -> 19 | M7: =(K7+L7)*0.3 -> 9.9 | N7: =G10 <> G11 -> FALSE
A8: =Roster!C8 -> Flight_2 | B8: =Roster!A8 -> Cadavid | C8: =Roster!B8 -> Red | D8: =Roster!D8 -> 10 | E8: =ROUND(D8*Settings!$B$2,0) -> 8 | F8: =Roster!E8 -> Ventaja Blanca | G8: Men | H8: 8 | I8: F4-Red | J8: Red | K8: =D16 -> 19 | L8: =D17 -> 10 | M8: =(K8+L8)*0.3 -> 8.7 | N8: =G16 <> G17 -> FALSE
A9: =Roster!C6 -> Flight_2 | B9: =Roster!A9 -> Saenz | C9: =Roster!B9 -> Red | D9: =Roster!D9 -> 8 | E9: =ROUND(D9*Settings!$B$2,0) -> 6 | F9: =Roster!E9 -> Ventaja Blanca | G9: Men | H9: 8 | I9: F4-Blue | J9: Blue | K9: =D14 -> 11 | L9: =D15 -> 27 | M9: =(K9+L9)*0.3 -> 11.4 | N9: =G14 <> G15 -> TRUE
A10: =Roster!C10 -> Flight_3 | B10: =Roster!A10 -> Vargas | C10: =Roster!B10 -> Blue | D10: =Roster!D10 -> 14 | E10: =ROUND(D10*Settings!$B$2,0) -> 11 | F10: =Roster!E10 -> Ventaja Blanca | G10: Men | H10: 10 | I10: F5-Red | J10: Red | K10: =D20 -> 5 | L10: =D21 -> 17 | M10: =(K10+L10)*0.3 -> 6.6 | N10: =G20 <> G21 -> TRUE
A11: =Roster!C11 -> Flight_3 | B11: =Roster!A11 -> Mon | C11: =Roster!B11 -> Blue | D11: =Roster!D11 -> 19 | E11: =ROUND(D11*Settings!$B$2,0) -> 15 | F11: =Roster!E11 -> Ventaja Blanca | G11: Men | H11: 10 | I11: F5-Blue | J11: Blue | K11: =D18 -> 16 | L11: =D19 -> 27 | M11: =(K11+L11)*0.3 -> 12.9 | N11: =G18 <> G19 -> FALSE
A12: =Roster!C12 -> Flight_3 | B12: =Roster!A12 -> Berris | C12: =Roster!B12 -> Red | D12: =Roster!D12 -> 12 | E12: =ROUND(D12*Settings!$B$2,0) -> 10 | F12: =Roster!E12 -> Ventaja Blanca | G12: Men | H12: 12 | I12: F6-Red | J12: Red | K12: =D24 -> 19 | L12: =D25 -> 1 | M12: =(K12+L12)*0.3 -> 6 | N12: =G24 <> G25 -> FALSE
A13: =Roster!C13 -> Flight_3 | B13: =Roster!A13 -> Pablo Rueda | C13: =Roster!B13 -> Red | D13: =Roster!D13 -> 18 | E13: =ROUND(D13*Settings!$B$2,0) -> 14 | F13: =Roster!E13 -> Ventaja Blanca | G13: Men | H13: 12 | I13: F6-Blue | J13: Blue | K13: =D22 -> 11 | L13: =D23 -> 6 | M13: =(K13+L13)*0.3 -> 5.1 | N13: =G22 <> G23 -> TRUE
A14: =Roster!C15 -> Flight_4 | B14: =Roster!A14 -> Luca | C14: =Roster!B14 -> Blue | D14: =Roster!D14 -> 11 | E14: =ROUND(D14*Settings!$B$2,0) -> 9 | F14: =Roster!E14 -> Ventaja Blanca | G14: Men | H14: 14 | I14: F7-Red | J14: Red | K14: =D28 -> 16 | L14: =D29 -> 16 | M14: =(K14+L14)*0.3 -> 9.6 | N14: =G28 <> G29 -> FALSE
A15: =Roster!C14 -> Flight_4 | B15: =Roster!A15 -> Rocha | C15: =Roster!B15 -> Blue | D15: =Roster!D15 -> 27 | E15: =ROUND(D15*Settings!$B$2,0) -> 22 | F15: =Roster!E15 -> Ventaja Rojas | G15: Women | H15: 14 | I15: F7-Blue | J15: Blue | K15: =D26 -> 6 | L15: =D27 -> 9 | M15: =(K15+L15)*0.3 -> 4.5 | N15: =G26 <> G27 -> FALSE
A16: =Roster!C17 -> Flight_4 | B16: =Roster!A16 -> Matiz | C16: =Roster!B16 -> Red | D16: =Roster!D16 -> 19 | E16: =ROUND(D16*Settings!$B$2,0) -> 15 | F16: =Roster!E16 -> Ventaja Blanca | G16: Men | H16: 16 | I16: F8-Red | J16: Red | K16: =D32 -> 11 | L16: =D33 -> 13 | M16: =(K16+L16)*0.3 -> 7.2 | N16: =G32 <> G33 -> TRUE
A17: =Roster!C16 -> Flight_4 | B17: =Roster!A17 -> Esguerra | C17: =Roster!B17 -> Red | D17: =Roster!D17 -> 10 | E17: =ROUND(D17*Settings!$B$2,0) -> 8 | F17: =Roster!E17 -> Ventaja Blanca | G17: Men | H17: 16 | I17: F8-Blue | J17: Blue | K17: =D30 -> 11 | L17: =D31 -> 18 | M17: =(K17+L17)*0.3 -> 8.7 | N17: =G30 <> G31 -> TRUE
A18: =Roster!C20 -> Flight_5 | B18: =Roster!A18 -> Sardi | C18: =Roster!B18 -> Blue | D18: =Roster!D18 -> 16 | E18: =ROUND(D18*Settings!$B$2,0) -> 13 | F18: =Roster!E18 -> Ventaja Blanca | G18: Men | H18: 3
A19: =Roster!C18 -> Flight_5 | B19: =Roster!A19 -> JC Casas | C19: =Roster!B19 -> Blue | D19: =Roster!D19 -> 27 | E19: =ROUND(D19*Settings!$B$2,0) -> 22 | F19: =Roster!E19 -> Ventaja Blanca | G19: Men | H19: 3
A20: =Roster!C21 -> Flight_5 | B20: =Roster!A20 -> Pulido | C20: =Roster!B20 -> Red | D20: =Roster!D20 -> 5 | E20: =ROUND(D20*Settings!$B$2,0) -> 4 | F20: =Roster!E20 -> Ventaja Blanca | G20: Men | H20: 5
A21: =Roster!C19 -> Flight_5 | B21: =Roster!A21 -> Otoya | C21: =Roster!B21 -> Red | D21: =Roster!D21 -> 17 | E21: =ROUND(D21*Settings!$B$2,0) -> 14 | F21: =Roster!E21 -> Ventaja Rojas | G21: Women | H21: 5
A22: =Roster!C22 -> Flight_6 | B22: =Roster!A22 -> Ana Maria | C22: =Roster!B22 -> Blue | D22: =Roster!D22 -> 11 | E22: =ROUND(D22*Settings!$B$2,0) -> 9 | F22: =Roster!E22 -> Ventaja Rojas | G22: Women | H22: 7
A23: =Roster!C23 -> Flight_6 | B23: =Roster!A23 -> Schneider | C23: =Roster!B23 -> Blue | D23: =Roster!D23 -> 6 | E23: =ROUND(D23*Settings!$B$2,0) -> 5 | F23: =Roster!E23 -> Ventaja Blanca | G23: Men | H23: 7
A24: =Roster!C25 -> Flight_6 | B24: =Roster!A24 -> Pablo Acosta | C24: =Roster!B24 -> Red | D24: =Roster!D24 -> 19 | E24: =ROUND(D24*Settings!$B$2,0) -> 15 | F24: =Roster!E24 -> Ventaja Blanca | G24: Men | H24: 9
A25: =Roster!C24 -> Flight_6 | B25: =Roster!A25 -> Garcia | C25: =Roster!B25 -> Red | D25: =Roster!D25 -> 1 | E25: =ROUND(D25*Settings!$B$2,0) -> 1 | F25: =Roster!E25 -> Ventaja Blanca | G25: Men | H25: 9
A26: =Roster!C26 -> Flight_7 | B26: =Roster!A26 -> Pocho | C26: =Roster!B26 -> Blue | D26: =Roster!D26 -> 6 | E26: =ROUND(D26*Settings!$B$2,0) -> 5 | F26: =Roster!E26 -> Ventaja Blanca | G26: Men | H26: 11
A27: =Roster!C28 -> Flight_7 | B27: =Roster!A27 -> Phil | C27: =Roster!B27 -> Blue | D27: =Roster!D27 -> 9 | E27: =ROUND(D27*Settings!$B$2,0) -> 7 | F27: =Roster!E27 -> Ventaja Blanca | G27: Men | H27: 11
A28: =Roster!C27 -> Flight_7 | B28: =Roster!A28 -> Velez | C28: =Roster!B28 -> Red | D28: =Roster!D28 -> 16 | E28: =ROUND(D28*Settings!$B$2,0) -> 13 | F28: =Roster!E28 -> Ventaja Blanca | G28: Men | H28: 13
A29: =Roster!C29 -> Flight_7 | B29: =Roster!A29 -> JP Mosquera | C29: =Roster!B29 -> Red | D29: =Roster!D29 -> 16 | E29: =ROUND(D29*Settings!$B$2,0) -> 13 | F29: =Roster!E29 -> Ventaja Blanca | G29: Men | H29: 13
A30: =Roster!C33 -> Flight_8 | B30: =Roster!A30 -> Veronica Perez | C30: =Roster!B30 -> Blue | D30: =Roster!D30 -> 11 | E30: =ROUND(D30*Settings!$B$2,0) -> 9 | F30: =Roster!E30 -> Ventaja Rojas | G30: Women | H30: 15
A31: =Roster!C31 -> Flight_8 | B31: =Roster!A31 -> Bernie | C31: =Roster!B31 -> Blue | D31: =Roster!D31 -> 18 | E31: =ROUND(D31*Settings!$B$2,0) -> 14 | F31: =Roster!E31 -> Ventaja Blanca | G31: Men | H31: 15
A32: =Roster!C32 -> Flight_8 | B32: =Roster!A32 -> Pilarica | C32: =Roster!B32 -> Red | D32: =Roster!D32 -> 11 | E32: =ROUND(D32*Settings!$B$2,0) -> 9 | F32: =Roster!E32 -> Ventaja Rojas | G32: Women | H32: 17
A33: =Roster!C30 -> Flight_8 | B33: =Roster!A33 -> Camacho | C33: =Roster!B33 -> Red | D33: =Roster!D33 -> 13 | E33: =ROUND(D33*Settings!$B$2,0) -> 10 | F33: =Roster!E33 -> Ventaja Blanca | G33: Men | H33: 17
A35: Match | B35: Hole | C35: P1-Red-Gross | D35: P1-Red-Strokes_IND | E35: P1-Red-Net_IND | F35: P1-Red-Strokes_FB | G35: P1-Red-Net_FB | H35: P2-Red-Gross | I35: P2-Red-Strokes_IND | J35: P2-Red-Net_IND | K35: P2-Red-Strokes_FB | L35: P2-Red-Net_FB | M35: P1-Blue-Gross | N35: P1-Blue-Strokes_IND | O35: P1-Blue-Net_IND | P35: P1-Blue-Strokes_FB | Q35: P1-Blue-Net_FB | R35: P2-Blue-Gross | S35: P2-Blue-Strokes_IND | T35: P2-Blue-Net_IND | U35: P2-Blue-Strokes_FB | V35: P2-Blue-Net_FB | W35: FB-Winner | X35: I1-Winner | Y35: I2-Winner | Z35: Flight_ID | AA35: P1_Red_Row | AB35: P2_Red_Row | AC35: P1_Blue_Row | AD35: P2_Blue_Row
A36: Flight_1 | B36: 1 | C36: {=SUMIFS(Front9_Scores!$D:$D, Front9_Scores!$A:$A, $A36, Front9_Scores!$B:$B, INDEX($B:$B,$AA36), Front9_Scores!$C:$C, $B36)} -> 6 | D36: {=LET(player_hcp,INDEX($E:$E,$AA36),player_tee,INDEX($F:$F,$AA36),current_hole,$B36,hole_hcp_index,XLOOKUP(current_hole,Course!$A:$A,XLOOKUP(player_tee,Course!$D$1:$F$1,Course!$D:$F)),IF(player_hcp>=hole_hcp_index,1,0)+IF(player_hcp>=(18+hole_hcp_index),1,0))} -> 1 | E36: =IF($C36=0,"",$C36-D36) -> 5 | F36: {=LET( player_row, $AA36, player_hcp, INDEX($E:$E, player_row), player_flight, INDEX($A:$A, player_row), player_team, INDEX($C:$C, player_row), current_hole, $B36, flight_number, VALUE(RIGHT(player_flight, LEN(player_flight) - 7)), pair_id, "F" & flight_number & "-" & player_team, pair_row, MATCH(pair_id, $I:$I, 0), is_mixed, INDEX($N:$N, pair_row), mixed_hcp_index, VLOOKUP(current_hole, Course!$A:$G, 7, FALSE), default_hcp_index, VLOOKUP(current_hole, Course!$A:$G, 3, FALSE), hole_hcp_index_to_use, IF(is_mixed, mixed_hcp_index, default_hcp_index), strokes, IF(player_hcp>=hole_hcp_index_to_use, 1, 0) + IF(player_hcp>=(18+hole_hcp_index_to_use), 1, 0), strokes )} -> 1 | G36: =IF($C36=0,"",$C36-F36) -> 5 | H36: {=SUMIFS(Front9_Scores!$D:$D, Front9_Scores!$A:$A, $A36, Front9_Scores!$B:$B, INDEX($B:$B,$AB36), Front9_Scores!$C:$C, $B36)} -> 7 | I36: {=LET(player_hcp,INDEX($E:$E,$AB36),player_tee,INDEX($F:$F,$AB36),current_hole,$B36,hole_hcp_index,XLOOKUP(current_hole,Course!$A:$A,XLOOKUP(player_tee,Course!$D$1:$F$1,Course!$D:$F)),IF(player_hcp>=hole_hcp_index,1,0)+IF(player_hcp>=(18+hole_hcp_index),1,0))} -> 1 | J36: =IF($H36=0,"",$H36-I36) -> 6 | K36: {=LET( player_row, $AB36, player_hcp, INDEX($E:$E, player_row), player_flight, INDEX($A:$A, player_row), player_team, INDEX($C:$C, player_row), current_hole, $B36, flight_number, VALUE(RIGHT(player_flight, LEN(player_flight) - 7)), pair_id, "F" & flight_number & "-" & player_team, pair_row, MATCH(pair_id, $I:$I, 0), is_mixed, INDEX($N:$N, pair_row), mixed_hcp_index, VLOOKUP(current_hole, Course!$A:$G, 7, FALSE), default_hcp_index, VLOOKUP(current_hole, Course!$A:$G, 3, FALSE), hole_hcp_index_to_use, IF(is_mixed, mixed_hcp_index, default_hcp_index), strokes, IF(player_hcp>=hole_hcp_index_to_use, 1, 0) + IF(player_hcp>=(18+hole_hcp_index_to_use), 1, 0), strokes )} -> 1 | L36: =IF($H36=0,"",$H36-K36) -> 6 | M36: {=SUMIFS(Front9_Scores!$D:$D, Front9_Scores!$A:$A, $A36, Front9_Scores!$B:$B, INDEX($B:$B,$AC36), Front9_Scores!$C:$C, $B36)} -> 5 | N36: {=LET(player_hcp,INDEX($E:$E,$AC36),player_tee,INDEX($F:$F,$AC36),current_hole,$B36,hole_hcp_index,XLOOKUP(current_hole,Course!$A:$A,XLOOKUP(player_tee,Course!$D$1:$F$1,Course!$D:$F)),IF(player_hcp>=hole_hcp_index,1,0)+IF(player_hcp>=(18+hole_hcp_index),1,0))} -> 1 | O36: =IF(M36=0,"",M36-N36) -> 4 | P36: {=LET( player_row, $AC36, player_hcp, INDEX($E:$E, player_row), player_flight, INDEX($A:$A, player_row), player_team, INDEX($C:$C, player_row), current_hole, $B36, flight_number, VALUE(RIGHT(player_flight, LEN(player_flight) - 7)), pair_id, "F" & flight_number & "-" & player_team, pair_row, MATCH(pair_id, $I:$I, 0), is_mixed, INDEX($N:$N, pair_row), mixed_hcp_index, VLOOKUP(current_hole, Course!$A:$G, 7, FALSE), default_hcp_index, VLOOKUP(current_hole, Course!$A:$G, 3, FALSE), hole_hcp_index_to_use, IF(is_mixed, mixed_hcp_index, default_hcp_index), strokes, IF(player_hcp>=hole_hcp_index_to_use, 1, 0) + IF(player_hcp>=(18+hole_hcp_index_to_use), 1, 0), strokes )} -> 1 | Q36: =IF($M36=0,"",$M36-P36) -> 4 | R36: {=SUMIFS(Front9_Scores!$D:$D, Front9_Scores!$A:$A, $A36, Front9_Scores!$B:$B, INDEX($B:$B,$AD36), Front9_Scores!$C:$C, $B36)} -> 5 | S36: {=LET(player_hcp,INDEX($E:$E,$AD36),player_tee,INDEX($F:$F,$AD36),current_hole,$B36,hole_hcp_index,XLOOKUP(current_hole,Course!$A:$A,XLOOKUP(player_tee,Course!$D$1:$F$1,Course!$D:$F)),IF(player_hcp>=hole_hcp_index,1,0)+IF(player_hcp>=(18+hole_hcp_index),1,0))} -> 1 | T36: =IF(R36=0,"",R36-S36) -> 4 | U36: {=LET( player_row, $AD36, player_hcp, INDEX($E:$E, player_row), player_flight, INDEX($A:$A, player_row), player_team, INDEX($C:$C, player_row), current_hole, $B36, flight_number, VALUE(RIGHT(player_flight, LEN(player_flight) - 7)), pair_id, "F" & flight_number & "-" & player_team, pair_row, MATCH(pair_id, $I:$I, 0), is_mixed, INDEX($N:$N, pair_row), mixed_hcp_index, VLOOKUP(current_hole, Course!$A:$G, 7, FALSE), default_hcp_index, VLOOKUP(current_hole, Course!$A:$G, 3, FALSE), hole_hcp_index_to_use, IF(is_mixed, mixed_hcp_index, default_hcp_index), strokes, IF(player_hcp>=hole_hcp_index_to_use, 1, 0) + IF(player_hcp>=(18+hole_hcp_index_to_use), 1, 0), strokes )} -> 1 | V36: =IF($R36=0,"",$R36-U36) -> 4 | W36: =IF(COUNT(G36,L36,Q36,V36)<4,"",LET(Red_Best_Ball,MIN(G36,L36),Blue_Best_Ball,MIN(Q36,V36),IF(Red_Best_Ball<Blue_Best_Ball,"Red",IF(Blue_Best_Ball<Red_Best_Ball,"Blue","Tie")))) -> Blue | X36: =IF(COUNT(E36,O36)<2,"",IF(E36<O36,"Red",IF(O36<E36,"Blue","Tie"))) -> Blue | Y36: =IF(COUNT(J36,T36)<2,"",IF(J36<T36,"Red",IF(T36<J36,"Blue","Tie"))) -> Blue | Z36: =A36 -> Flight_1 | AA36: 4 | AB36: 5 | AC36: 2 | AD36: 3
A37: Flight_1 | B37: 2 | C37: {=SUMIFS(Front9_Scores!$D:$D, Front9_Scores!$A:$A, $A37, Front9_Scores!$B:$B, INDEX($B:$B,$AA37), Front9_Scores!$C:$C, $B37)} -> 5 | D37: {=LET(player_hcp,INDEX($E:$E,$AA37),player_tee,INDEX($F:$F,$AA37),current_hole,$B37,hole_hcp_index,XLOOKUP(current_hole,Course!$A:$A,XLOOKUP(player_tee,Course!$D$1:$F$1,Course!$D:$F)),IF(player_hcp>=hole_hcp_index,1,0)+IF(player_hcp>=(18+hole_hcp_index),1,0))} -> 1 | E37: =IF($C37=0,"",$C37-D37) -> 4 | F37: {=LET( player_row, $AA37, player_hcp, INDEX($E:$E, player_row), player_flight, INDEX($A:$A, player_row), player_team, INDEX($C:$C, player_row), current_hole, $B37, flight_number, VALUE(RIGHT(player_flight, LEN(player_flight) - 7)), pair_id, "F" & flight_number & "-" & player_team, pair_row, MATCH(pair_id, $I:$I, 0), is_mixed, INDEX($N:$N, pair_row), mixed_hcp_index, VLOOKUP(current_hole, Course!$A:$G, 7, FALSE), default_hcp_index, VLOOKUP(current_hole, Course!$A:$G, 3, FALSE), hole_hcp_index_to_use, IF(is_mixed, mixed_hcp_index, default_hcp_index), strokes, IF(player_hcp>=hole_hcp_index_to_use, 1, 0) + IF(player_hcp>=(18+hole_hcp_index_to_use), 1, 0), strokes )} -> 1 | G37: =IF($C37=0,"",$C37-F37) -> 4 | H37: {=SUMIFS(Front9_Scores!$D:$D, Front9_Scores!$A:$A, $A37, Front9_Scores!$B:$B, INDEX($B:$B,$AB37), Front9_Scores!$C:$C, $B37)} -> 6 | I37: {=LET(player_hcp,INDEX($E:$E,$AB37),player_tee,INDEX($F:$F,$AB37),current_hole,$B37,hole_hcp_index,XLOOKUP(current_hole,Course!$A:$A,XLOOKUP(player_tee,Course!$D$1:$F$1,Course!$D:$F)),IF(player_hcp>=hole_hcp_index,1,0)+IF(player_hcp>=(18+hole_hcp_index),1,0))} -> 1 | J37: =IF($H37=0,"",$H37-I37) -> 5 | K37: {=LET( player_row, $AB37, player_hcp, INDEX($E:$E, player_row), player_flight, INDEX($A:$A, player_row), player_team, INDEX($C:$C, player_row), current_hole, $B37, flight_number, VALUE(RIGHT(player_flight, LEN(player_flight) - 7)), pair_id, "F" & flight_number & "-" & player_team, pair_row, MATCH(pair_id, $I:$I, 0), is_mixed, INDEX($N:$N, pair_row), mixed_hcp_index, VLOOKUP(current_hole, Course!$A:$G, 7, FALSE), default_hcp_index, VLOOKUP(current_hole, Course!$A:$G, 3, FALSE), hole_hcp_index_to_use, IF(is_mixed, mixed_hcp_index, default_hcp_index), strokes, IF(player_hcp>=hole_hcp_index_to_use, 1, 0) + IF(player_hcp>=(18+hole_hcp_index_to_use), 1, 0), strokes )} -> 1 | L37: =IF($H37=0,"",$H37-K37) -> 5 | M37: {=SUMIFS(Front9_Scores!$D:$D, Front9_Scores!$A:$A, $A37, Front9_Scores!$B:$B, INDEX($B:$B,$AC37), Front9_Scores!$C:$C, $B37)} -> 6 | N37: {=LET(player_hcp,INDEX($E:$E,$AC37),player_tee,INDEX($F:$F,$AC37),current_hole,$B37,hole_hcp_index,XLOOKUP(current_hole,Course!$A:$A,XLOOKUP(player_tee,Course!$D$1:$F$1,Course!$D:$F)),IF(player_hcp>=hole_hcp_index,1,0)+IF(player_hcp>=(18+hole_hcp_index),1,0))} -> 1 | O37: =IF(M37=0,"",M37-N37) -> 5 | P37: {=LET( player_row, $AC37, player_hcp, INDEX($E:$E, player_row), player_flight, INDEX($A:$A, player_row), player_team, INDEX($C:$C, player_row), current_hole, $B37, flight_number, VALUE(RIGHT(player_flight, LEN(player_flight) - 7)), pair_id, "F" & flight_number & "-" & player_team, pair_row, MATCH(pair_id, $I:$I, 0), is_mixed, INDEX($N:$N, pair_row), mixed_hcp_index, VLOOKUP(current_hole, Course!$A:$G, 7, FALSE), default_hcp_index, VLOOKUP(current_hole, Course!$A:$G, 3, FALSE), hole_hcp_index_to_use, IF(is_mixed, mixed_hcp_index, default_hcp_index), strokes, IF(player_hcp>=hole_hcp_index_to_use, 1, 0) + IF(player_hcp>=(18+hole_hcp_index_to_use), 1, 0), strokes )} -> 1 | Q37: =IF($M37=0,"",$M37-P37) -> 5 | R37: {=SUMIFS(Front9_Scores!$D:$D, Front9_Scores!$A:$A, $A37, Front9_Scores!$B:$B, INDEX($B:$B,$AD37), Front9_Scores!$C:$C, $B37)} -> 6 | S37: {=LET(player_hcp,INDEX($E:$E,$AD37),player_tee,INDEX($F:$F,$AD37),current_hole,$B37,hole_hcp_index,XLOOKUP(current_hole,Course!$A:$A,XLOOKUP(player_tee,Course!$D$1:$F$1,Course!$D:$F)),IF(player_hcp>=hole_hcp_index,1,0)+IF(player_hcp>=(18+hole_hcp_index),1,0))} -> 1 | T37: =IF(R37=0,"",R37-S37) -> 5 | U37: {=LET( player_row, $AD37, player_hcp, INDEX($E:$E, player_row), player_flight, INDEX($A:$A, player_row), player_team, INDEX($C:$C, player_row), current_hole, $B37, flight_number, VALUE(RIGHT(player_flight, LEN(player_flight) - 7)), pair_id, "F" & flight_number & "-" & player_team, pair_row, MATCH(pair_id, $I:$I, 0), is_mixed, INDEX($N:$N, pair_row), mixed_hcp_index, VLOOKUP(current_hole, Course!$A:$G, 7, FALSE), default_hcp_index, VLOOKUP(current_hole, Course!$A:$G, 3, FALSE), hole_hcp_index_to_use, IF(is_mixed, mixed_hcp_index, default_hcp_index), strokes, IF(player_hcp>=hole_hcp_index_to_use, 1, 0) + IF(player_hcp>=(18+hole_hcp_index_to_use), 1, 0), strokes )} -> 1 | V37: =IF($R37=0,"",$R37-U37) -> 5 | W37: =IF(COUNT(G37,L37,Q37,V37)<4,"",LET(Red_Best_Ball,MIN(G37,L37),Blue_Best_Ball,MIN(Q37,V37),IF(Red_Best_Ball<Blue_Best_Ball,"Red",IF(Blue_Best_Ball<Red_Best_Ball,"Blue","Tie")))) -> Red | X37: =IF(COUNT(E37,O37)<2,"",IF(E37<O37,"Red",IF(O37<E37,"Blue","Tie"))) -> Red | Y37: =IF(COUNT(J37,T37)<2,"",IF(J37<T37,"Red",IF(T37<J37,"Blue","Tie"))) -> Tie | Z37: =A37 -> Flight_1 | AA37: 4 | AB37: 5 | AC37: 2 | AD37: 3
A38: Flight_1 | B38: 3 | C38: {=SUMIFS(Front9_Scores!$D:$D, Front9_Scores!$A:$A, $A38, Front9_Scores!$B:$B, INDEX($B:$B,$AA38), Front9_Scores!$C:$C, $B38)} -> 5 | D38: {=LET(player_hcp,INDEX($E:$E,$AA38),player_tee,INDEX($F:$F,$AA38),current_hole,$B38,hole_hcp_index,XLOOKUP(current_hole,Course!$A:$A,XLOOKUP(player_tee,Course!$D$1:$F$1,Course!$D:$F)),IF(player_hcp>=hole_hcp_index,1,0)+IF(player_hcp>=(18+hole_hcp_index),1,0))} -> 0 | E38: =IF($C38=0,"",$C38-D38) -> 5 | F38: {=LET( player_row, $AA38, player_hcp, INDEX($E:$E, player_row), player_flight, INDEX($A:$A, player_row), player_team, INDEX($C:$C, player_row), current_hole, $B38, flight_number, VALUE(RIGHT(player_flight, LEN(player_flight) - 7)), pair_id, "F" & flight_number & "-" & player_team, pair_row, MATCH(pair_id, $I:$I, 0), is_mixed, INDEX($N:$N, pair_row), mixed_hcp_index, VLOOKUP(current_hole, Course!$A:$G, 7, FALSE), default_hcp_index, VLOOKUP(current_hole, Course!$A:$G, 3, FALSE), hole_hcp_index_to_use, IF(is_mixed, mixed_hcp_index, default_hcp_index), strokes, IF(player_hcp>=hole_hcp_index_to_use, 1, 0) + IF(player_hcp>=(18+hole_hcp_index_to_use), 1, 0), strokes )} -> 0 | G38: =IF($C38=0,"",$C38-F38) -> 5 | H38: {=SUMIFS(Front9_Scores!$D:$D, Front9_Scores!$A:$A, $A38, Front9_Scores!$B:$B, INDEX($B:$B,$AB38), Front9_Scores!$C:$C, $B38)} -> 4 | I38: {=LET(player_hcp,INDEX($E:$E,$AB38),player_tee,INDEX($F:$F,$AB38),current_hole,$B38,hole_hcp_index,XLOOKUP(current_hole,Course!$A:$A,XLOOKUP(player_tee,Course!$D$1:$F$1,Course!$D:$F)),IF(player_hcp>=hole_hcp_index,1,0)+IF(player_hcp>=(18+hole_hcp_index),1,0))} -> 0 | J38: =IF($H38=0,"",$H38-I38) -> 4 | K38: {=LET( player_row, $AB38, player_hcp, INDEX($E:$E, player_row), player_flight, INDEX($A:$A, player_row), player_team, INDEX($C:$C, player_row), current_hole, $B38, flight_number, VALUE(RIGHT(player_flight, LEN(player_flight) - 7)), pair_id, "F" & flight_number & "-" & player_team, pair_row, MATCH(pair_id, $I:$I, 0), is_mixed, INDEX($N:$N, pair_row), mixed_hcp_index, VLOOKUP(current_hole, Course!$A:$G, 7, FALSE), default_hcp_index, VLOOKUP(current_hole, Course!$A:$G, 3, FALSE), hole_hcp_index_to_use, IF(is_mixed, mixed_hcp_index, default_hcp_index), strokes, IF(player_hcp>=hole_hcp_index_to_use, 1, 0) + IF(player_hcp>=(18+hole_hcp_index_to_use), 1, 0), strokes )} -> 0 | L38: =IF($H38=0,"",$H38-K38) -> 4 | M38: {=SUMIFS(Front9_Scores!$D:$D, Front9_Scores!$A:$A, $A38, Front9_Scores!$B:$B, INDEX($B:$B,$AC38), Front9_Scores!$C:$C, $B38)} -> 5 | N38: {=LET(player_hcp,INDEX($E:$E,$AC38),player_tee,INDEX($F:$F,$AC38),current_hole,$B38,hole_hcp_index,XLOOKUP(current_hole,Course!$A:$A,XLOOKUP(player_tee,Course!$D$1:$F$1,Course!$D:$F)),IF(player_hcp>=hole_hcp_index,1,0)+IF(player_hcp>=(18+hole_hcp_index),1,0))} -> 0 | O38: =IF(M38=0,"",M38-N38) -> 5 | P38: {=LET( player_row, $AC38, player_hcp, INDEX($E:$E, player_row), player_flight, INDEX($A:$A, player_row), player_team, INDEX($C:$C, player_row), current_hole, $B38, flight_number, VALUE(RIGHT(player_flight, LEN(player_flight) - 7)), pair_id, "F" & flight_number & "-" & player_team, pair_row, MATCH(pair_id, $I:$I, 0), is_mixed, INDEX($N:$N, pair_row), mixed_hcp_index, VLOOKUP(current_hole, Course!$A:$G, 7, FALSE), default_hcp_index, VLOOKUP(current_hole, Course!$A:$G, 3, FALSE), hole_hcp_index_to_use, IF(is_mixed, mixed_hcp_index, default_hcp_index), strokes, IF(player_hcp>=hole_hcp_index_to_use, 1, 0) + IF(player_hcp>=(18+hole_hcp_index_to_use), 1, 0), strokes )} -> 0 | Q38: =IF($M38=0,"",$M38-P38) -> 5 | R38: {=SUMIFS(Front9_Scores!$D:$D, Front9_Scores!$A:$A, $A38, Front9_Scores!$B:$B, INDEX($B:$B,$AD38), Front9_Scores!$C:$C, $B38)} -> 5 | S38: {=LET(player_hcp,INDEX($E:$E,$AD38),player_tee,INDEX($F:$F,$AD38),current_hole,$B38,hole_hcp_index,XLOOKUP(current_hole,Course!$A:$A,XLOOKUP(player_tee,Course!$D$1:$F$1,Course!$D:$F)),IF(player_hcp>=hole_hcp_index,1,0)+IF(player_hcp>=(18+hole_hcp_index),1,0))} -> 0 | T38: =IF(R38=0,"",R38-S38) -> 5 | U38: {=LET( player_row, $AD38, player_hcp, INDEX($E:$E, player_row), player_flight, INDEX($A:$A, player_row), player_team, INDEX($C:$C, player_row), current_hole, $B38, flight_number, VALUE(RIGHT(player_flight, LEN(player_flight) - 7)), pair_id, "F" & flight_number & "-" & player_team, pair_row, MATCH(pair_id, $I:$I, 0), is_mixed, INDEX($N:$N, pair_row), mixed_hcp_index, VLOOKUP(current_hole, Course!$A:$G, 7, FALSE), default_hcp_index, VLOOKUP(current_hole, Course!$A:$G, 3, FALSE), hole_hcp_index_to_use, IF(is_mixed, mixed_hcp_index, default_hcp_index), strokes, IF(player_hcp>=hole_hcp_index_to_use, 1, 0) + IF(player_hcp>=(18+hole_hcp_index_to_use), 1, 0), strokes )} -> 0 | V38: =IF($R38=0,"",$R38-U38) -> 5 | W38: =IF(COUNT(G38,L38,Q38,V38)<4,"",LET(Red_Best_Ball,MIN(G38,L38),Blue_Best_Ball,MIN(Q38,V38),IF(Red_Best_Ball<Blue_Best_Ball,"Red",IF(Blue_Best_Ball<Red_Best_Ball,"Blue","Tie")))) -> Red | X38: =IF(COUNT(E38,O38)<2,"",IF(E38<O38,"Red",IF(O38<E38,"Blue","Tie"))) -> Tie | Y38: =IF(COUNT(J38,T38)<2,"",IF(J38<T38,"Red",IF(T38<J38,"Blue","Tie"))) -> Red | Z38: =A38 -> Flight_1 | AA38: 4 | AB38: 5 | AC38: 2 | AD38: 3
A39: Flight_1 | B39: 4 | C39: {=SUMIFS(Front9_Scores!$D:$D, Front9_Scores!$A:$A, $A39, Front9_Scores!$B:$B, INDEX($B:$B,$AA39), Front9_Scores!$C:$C, $B39)} -> 4 | D39: {=LET(player_hcp,INDEX($E:$E,$AA39),player_tee,INDEX($F:$F,$AA39),current_hole,$B39,hole_hcp_index,XLOOKUP(current_hole,Course!$A:$A,XLOOKUP(player_tee,Course!$D$1:$F$1,Course!$D:$F)),IF(player_hcp>=hole_hcp_index,1,0)+IF(player_hcp>=(18+hole_hcp_index),1,0))} -> 0 | E39: =IF($C39=0,"",$C39-D39) -> 4 | F39: {=LET( player_row, $AA39, player_hcp, INDEX($E:$E, player_row), player_flight, INDEX($A:$A, player_row), player_team, INDEX($C:$C, player_row), current_hole, $B39, flight_number, VALUE(RIGHT(player_flight, LEN(player_flight) - 7)), pair_id, "F" & flight_number & "-" & player_team, pair_row, MATCH(pair_id, $I:$I, 0), is_mixed, INDEX($N:$N, pair_row), mixed_hcp_index, VLOOKUP(current_hole, Course!$A:$G, 7, FALSE), default_hcp_index, VLOOKUP(current_hole, Course!$A:$G, 3, FALSE), hole_hcp_index_to_use, IF(is_mixed, mixed_hcp_index, default_hcp_index), strokes, IF(player_hcp>=hole_hcp_index_to_use, 1, 0) + IF(player_hcp>=(18+hole_hcp_index_to_use), 1, 0), strokes )} -> 0 | G39: =IF($C39=0,"",$C39-F39) -> 4 | H39: {=SUMIFS(Front9_Scores!$D:$D, Front9_Scores!$A:$A, $A39, Front9_Scores!$B:$B, INDEX($B:$B,$AB39), Front9_Scores!$C:$C, $B39)} -> 5 | I39: {=LET(player_hcp,INDEX($E:$E,$AB39),player_tee,INDEX($F:$F,$AB39),current_hole,$B39,hole_hcp_index,XLOOKUP(current_hole,Course!$A:$A,XLOOKUP(player_tee,Course!$D$1:$F$1,Course!$D:$F)),IF(player_hcp>=hole_hcp_index,1,0)+IF(player_hcp>=(18+hole_hcp_index),1,0))} -> 1 | J39: =IF($H39=0,"",$H39-I39) -> 4 | K39: {=LET( player_row, $AB39, player_hcp, INDEX($E:$E, player_row), player_flight, INDEX($A:$A, player_row), player_team, INDEX($C:$C, player_row), current_hole, $B39, flight_number, VALUE(RIGHT(player_flight, LEN(player_flight) - 7)), pair_id, "F" & flight_number & "-" & player_team, pair_row, MATCH(pair_id, $I:$I, 0), is_mixed, INDEX($N:$N, pair_row), mixed_hcp_index, VLOOKUP(current_hole, Course!$A:$G, 7, FALSE), default_hcp_index, VLOOKUP(current_hole, Course!$A:$G, 3, FALSE), hole_hcp_index_to_use, IF(is_mixed, mixed_hcp_index, default_hcp_index), strokes, IF(player_hcp>=hole_hcp_index_to_use, 1, 0) + IF(player_hcp>=(18+hole_hcp_index_to_use), 1, 0), strokes )} -> 0 | L39: =IF($H39=0,"",$H39-K39) -> 5 | M39: {=SUMIFS(Front9_Scores!$D:$D, Front9_Scores!$A:$A, $A39, Front9_Scores!$B:$B, INDEX($B:$B,$AC39), Front9_Scores!$C:$C, $B39)} -> 4 | N39: {=LET(player_hcp,INDEX($E:$E,$AC39),player_tee,INDEX($F:$F,$AC39),current_hole,$B39,hole_hcp_index,XLOOKUP(current_hole,Course!$A:$A,XLOOKUP(player_tee,Course!$D$1:$F$1,Course!$D:$F)),IF(player_hcp>=hole_hcp_index,1,0)+IF(player_hcp>=(18+hole_hcp_index),1,0))} -> 0 | O39: =IF(M39=0,"",M39-N39) -> 4 | P39: {=LET( player_row, $AC39, player_hcp, INDEX($E:$E, player_row), player_flight, INDEX($A:$A, player_row), player_team, INDEX($C:$C, player_row), current_hole, $B39, flight_number, VALUE(RIGHT(player_flight, LEN(player_flight) - 7)), pair_id, "F" & flight_number & "-" & player_team, pair_row, MATCH(pair_id, $I:$I, 0), is_mixed, INDEX($N:$N, pair_row), mixed_hcp_index, VLOOKUP(current_hole, Course!$A:$G, 7, FALSE), default_hcp_index, VLOOKUP(current_hole, Course!$A:$G, 3, FALSE), hole_hcp_index_to_use, IF(is_mixed, mixed_hcp_index, default_hcp_index), strokes, IF(player_hcp>=hole_hcp_index_to_use, 1, 0) + IF(player_hcp>=(18+hole_hcp_index_to_use), 1, 0), strokes )} -> 0 | Q39: =IF($M39=0,"",$M39-P39) -> 4 | R39: {=SUMIFS(Front9_Scores!$D:$D, Front9_Scores!$A:$A, $A39, Front9_Scores!$B:$B, INDEX($B:$B,$AD39), Front9_Scores!$C:$C, $B39)} -> 5 | S39: {=LET(player_hcp,INDEX($E:$E,$AD39),player_tee,INDEX($F:$F,$AD39),current_hole,$B39,hole_hcp_index,XLOOKUP(current_hole,Course!$A:$A,XLOOKUP(player_tee,Course!$D$1:$F$1,Course!$D:$F)),IF(player_hcp>=hole_hcp_index,1,0)+IF(player_hcp>=(18+hole_hcp_index),1,0))} -> 1 | T39: =IF(R39=0,"",R39-S39) -> 4 | U39: {=LET( player_row, $AD39, player_hcp, INDEX($E:$E, player_row), player_flight, INDEX($A:$A, player_row), player_team, INDEX($C:$C, player_row), current_hole, $B39, flight_number, VALUE(RIGHT(player_flight, LEN(player_flight) - 7)), pair_id, "F" & flight_number & "-" & player_team, pair_row, MATCH(pair_id, $I:$I, 0), is_mixed, INDEX($N:$N, pair_row), mixed_hcp_index, VLOOKUP(current_hole, Course!$A:$G, 7, FALSE), default_hcp_index, VLOOKUP(current_hole, Course!$A:$G, 3, FALSE), hole_hcp_index_to_use, IF(is_mixed, mixed_hcp_index, default_hcp_index), strokes, IF(player_hcp>=hole_hcp_index_to_use, 1, 0) + IF(player_hcp>=(18+hole_hcp_index_to_use), 1, 0), strokes )} -> 1 | V39: =IF($R39=0,"",$R39-U39) -> 4 | W39: =IF(COUNT(G39,L39,Q39,V39)<4,"",LET(Red_Best_Ball,MIN(G39,L39),Blue_Best_Ball,MIN(Q39,V39),IF(Red_Best_Ball<Blue_Best_Ball,"Red",IF(Blue_Best_Ball<Red_Best_Ball,"Blue","Tie")))) -> Tie | X39: =IF(COUNT(E39,O39)<2,"",IF(E39<O39,"Red",IF(O39<E39,"Blue","Tie"))) -> Tie | Y39: =IF(COUNT(J39,T39)<2,"",IF(J39<T39,"Red",IF(T39<J39,"Blue","Tie"))) -> Tie | Z39: =A39 -> Flight_1 | AA39: 4 | AB39: 5 | AC39: 2 | AD39: 3
A40: Flight_1 | B40: 5 | C40: {=SUMIFS(Front9_Scores!$D:$D, Front9_Scores!$A:$A, $A40, Front9_Scores!$B:$B, INDEX($B:$B,$AA40), Front9_Scores!$C:$C, $B40)} -> 2 | D40: {=LET(player_hcp,INDEX($E:$E,$AA40),player_tee,INDEX($F:$F,$AA40),current_hole,$B40,hole_hcp_index,XLOOKUP(current_hole,Course!$A:$A,XLOOKUP(player_tee,Course!$D$1:$F$1,Course!$D:$F)),IF(player_hcp>=hole_hcp_index,1,0)+IF(player_hcp>=(18+hole_hcp_index),1,0))} -> 1 | E40: =IF($C40=0,"",$C40-D40) -> 1 | F40: {=LET( player_row, $AA40, player_hcp, INDEX($E:$E, player_row), player_flight, INDEX($A:$A, player_row), player_team, INDEX($C:$C, player_row), current_hole, $B40, flight_number, VALUE(RIGHT(player_flight, LEN(player_flight) - 7)), pair_id, "F" & flight_number & "-" & player_team, pair_row, MATCH(pair_id, $I:$I, 0), is_mixed, INDEX($N:$N, pair_row), mixed_hcp_index, VLOOKUP(current_hole, Course!$A:$G, 7, FALSE), default_hcp_index, VLOOKUP(current_hole, Course!$A:$G, 3, FALSE), hole_hcp_index_to_use, IF(is_mixed, mixed_hcp_index, default_hcp_index), strokes, IF(player_hcp>=hole_hcp_index_to_use, 1, 0) + IF(player_hcp>=(18+hole_hcp_index_to_use), 1, 0), strokes )} -> 1 | G40: =IF($C40=0,"",$C40-F40) -> 1 | H40: {=SUMIFS(Front9_Scores!$D:$D, Front9_Scores!$A:$A, $A40, Front9_Scores!$B:$B, INDEX($B:$B,$AB40), Front9_Scores!$C:$C, $B40)} -> 4 | I40: {=LET(player_hcp,INDEX($E:$E,$AB40),player_tee,INDEX($F:$F,$AB40),current_hole,$B40,hole_hcp_index,XLOOKUP(current_hole,Course!$A:$A,XLOOKUP(player_tee,Course!$D$1:$F$1,Course!$D:$F)),IF(player_hcp>=hole_hcp_index,1,0)+IF(player_hcp>=(18+hole_hcp_index),1,0))} -> 1 | J40: =IF($H40=0,"",$H40-I40) -> 3 | K40: {=LET( player_row, $AB40, player_hcp, INDEX($E:$E, player_row), player_flight, INDEX($A:$A, player_row), player_team, INDEX($C:$C, player_row), current_hole, $B40, flight_number, VALUE(RIGHT(player_flight, LEN(player_flight) - 7)), pair_id, "F" & flight_number & "-" & player_team, pair_row, MATCH(pair_id, $I:$I, 0), is_mixed, INDEX($N:$N, pair_row), mixed_hcp_index, VLOOKUP(current_hole, Course!$A:$G, 7, FALSE), default_hcp_index, VLOOKUP(current_hole, Course!$A:$G, 3, FALSE), hole_hcp_index_to_use, IF(is_mixed, mixed_hcp_index, default_hcp_index), strokes, IF(player_hcp>=hole_hcp_index_to_use, 1, 0) + IF(player_hcp>=(18+hole_hcp_index_to_use), 1, 0), strokes )} -> 1 | L40: =IF($H40=0,"",$H40-K40) -> 3 | M40: {=SUMIFS(Front9_Scores!$D:$D, Front9_Scores!$A:$A, $A40, Front9_Scores!$B:$B, INDEX($B:$B,$AC40), Front9_Scores!$C:$C, $B40)} -> 3 | N40: {=LET(player_hcp,INDEX($E:$E,$AC40),player_tee,INDEX($F:$F,$AC40),current_hole,$B40,hole_hcp_index,XLOOKUP(current_hole,Course!$A:$A,XLOOKUP(player_tee,Course!$D$1:$F$1,Course!$D:$F)),IF(player_hcp>=hole_hcp_index,1,0)+IF(player_hcp>=(18+hole_hcp_index),1,0))} -> 1 | O40: =IF(M40=0,"",M40-N40) -> 2 | P40: {=LET( player_row, $AC40, player_hcp, INDEX($E:$E, player_row), player_flight, INDEX($A:$A, player_row), player_team, INDEX($C:$C, player_row), current_hole, $B40, flight_number, VALUE(RIGHT(player_flight, LEN(player_flight) - 7)), pair_id, "F" & flight_number & "-" & player_team, pair_row, MATCH(pair_id, $I:$I, 0), is_mixed, INDEX($N:$N, pair_row), mixed_hcp_index, VLOOKUP(current_hole, Course!$A:$G, 7, FALSE), default_hcp_index, VLOOKUP(current_hole, Course!$A:$G, 3, FALSE), hole_hcp_index_to_use, IF(is_mixed, mixed_hcp_index, default_hcp_index), strokes, IF(player_hcp>=hole_hcp_index_to_use, 1, 0) + IF(player_hcp>=(18+hole_hcp_index_to_use), 1, 0), strokes )} -> 1 | Q40: =IF($M40=0,"",$M40-P40) -> 2 | R40: {=SUMIFS(Front9_Scores!$D:$D, Front9_Scores!$A:$A, $A40, Front9_Scores!$B:$B, INDEX($B:$B,$AD40), Front9_Scores!$C:$C, $B40)} -> 6 | S40: {=LET(player_hcp,INDEX($E:$E,$AD40),player_tee,INDEX($F:$F,$AD40),current_hole,$B40,hole_hcp_index,XLOOKUP(current_hole,Course!$A:$A,XLOOKUP(player_tee,Course!$D$1:$F$1,Course!$D:$F)),IF(player_hcp>=hole_hcp_index,1,0)+IF(player_hcp>=(18+hole_hcp_index),1,0))} -> 1 | T40: =IF(R40=0,"",R40-S40) -> 5 | U40: {=LET( player_row, $AD40, player_hcp, INDEX($E:$E, player_row), player_flight, INDEX($A:$A, player_row), player_team, INDEX($C:$C, player_row), current_hole, $B40, flight_number, VALUE(RIGHT(player_flight, LEN(player_flight) - 7)), pair_id, "F" & flight_number & "-" & player_team, pair_row, MATCH(pair_id, $I:$I, 0), is_mixed, INDEX($N:$N, pair_row), mixed_hcp_index, VLOOKUP(current_hole, Course!$A:$G, 7, FALSE), default_hcp_index, VLOOKUP(current_hole, Course!$A:$G, 3, FALSE), hole_hcp_index_to_use, IF(is_mixed, mixed_hcp_index, default_hcp_index), strokes, IF(player_hcp>=hole_hcp_index_to_use, 1, 0) + IF(player_hcp>=(18+hole_hcp_index_to_use), 1, 0), strokes )} -> 1 | V40: =IF($R40=0,"",$R40-U40) -> 5 | W40: =IF(COUNT(G40,L40,Q40,V40)<4,"",LET(Red_Best_Ball,MIN(G40,L40),Blue_Best_Ball,MIN(Q40,V40),IF(Red_Best_Ball<Blue_Best_Ball,"Red",IF(Blue_Best_Ball<Red_Best_Ball,"Blue","Tie")))) -> Red | X40: =IF(COUNT(E40,O40)<2,"",IF(E40<O40,"Red",IF(O40<E40,"Blue","Tie"))) -> Red | Y40: =IF(COUNT(J40,T40)<2,"",IF(J40<T40,"Red",IF(T40<J40,"Blue","Tie"))) -> Red | Z40: =A40 -> Flight_1 | AA40: 4 | AB40: 5 | AC40: 2 | AD40: 3
A41: Flight_1 | B41: 6 | C41: {=SUMIFS(Front9_Scores!$D:$D, Front9_Scores!$A:$A, $A41, Front9_Scores!$B:$B, INDEX($B:$B,$AA41), Front9_Scores!$C:$C, $B41)} -> 6 | D41: {=LET(player_hcp,INDEX($E:$E,$AA41),player_tee,INDEX($F:$F,$AA41),current_hole,$B41,hole_hcp_index,XLOOKUP(current_hole,Course!$A:$A,XLOOKUP(player_tee,Course!$D$1:$F$1,Course!$D:$F)),IF(player_hcp>=hole_hcp_index,1,0)+IF(player_hcp>=(18+hole_hcp_index),1,0))} -> 1 | E41: =IF($C41=0,"",$C41-D41) -> 5 | F41: {=LET( player_row, $AA41, player_hcp, INDEX($E:$E, player_row), player_flight, INDEX($A:$A, player_row), player_team, INDEX($C:$C, player_row), current_hole, $B41, flight_number, VALUE(RIGHT(player_flight, LEN(player_flight) - 7)), pair_id, "F" & flight_number & "-" & player_team, pair_row, MATCH(pair_id, $I:$I, 0), is_mixed, INDEX($N:$N, pair_row), mixed_hcp_index, VLOOKUP(current_hole, Course!$A:$G, 7, FALSE), default_hcp_index, VLOOKUP(current_hole, Course!$A:$G, 3, FALSE), hole_hcp_index_to_use, IF(is_mixed, mixed_hcp_index, default_hcp_index), strokes, IF(player_hcp>=hole_hcp_index_to_use, 1, 0) + IF(player_hcp>=(18+hole_hcp_index_to_use), 1, 0), strokes )} -> 0 | G41: =IF($C41=0,"",$C41-F41) -> 6 | H41: {=SUMIFS(Front9_Scores!$D:$D, Front9_Scores!$A:$A, $A41, Front9_Scores!$B:$B, INDEX($B:$B,$AB41), Front9_Scores!$C:$C, $B41)} -> 5 | I41: {=LET(player_hcp,INDEX($E:$E,$AB41),player_tee,INDEX($F:$F,$AB41),current_hole,$B41,hole_hcp_index,XLOOKUP(current_hole,Course!$A:$A,XLOOKUP(player_tee,Course!$D$1:$F$1,Course!$D:$F)),IF(player_hcp>=hole_hcp_index,1,0)+IF(player_hcp>=(18+hole_hcp_index),1,0))} -> 0 | J41: =IF($H41=0,"",$H41-I41) -> 5 | K41: {=LET( player_row, $AB41, player_hcp, INDEX($E:$E, player_row), player_flight, INDEX($A:$A, player_row), player_team, INDEX($C:$C, player_row), current_hole, $B41, flight_number, VALUE(RIGHT(player_flight, LEN(player_flight) - 7)), pair_id, "F" & flight_number & "-" & player_team, pair_row, MATCH(pair_id, $I:$I, 0), is_mixed, INDEX($N:$N, pair_row), mixed_hcp_index, VLOOKUP(current_hole, Course!$A:$G, 7, FALSE), default_hcp_index, VLOOKUP(current_hole, Course!$A:$G, 3, FALSE), hole_hcp_index_to_use, IF(is_mixed, mixed_hcp_index, default_hcp_index), strokes, IF(player_hcp>=hole_hcp_index_to_use, 1, 0) + IF(player_hcp>=(18+hole_hcp_index_to_use), 1, 0), strokes )} -> 1 | L41: =IF($H41=0,"",$H41-K41) -> 4 | M41: {=SUMIFS(Front9_Scores!$D:$D, Front9_Scores!$A:$A, $A41, Front9_Scores!$B:$B, INDEX($B:$B,$AC41), Front9_Scores!$C:$C, $B41)} -> 5 | N41: {=LET(player_hcp,INDEX($E:$E,$AC41),player_tee,INDEX($F:$F,$AC41),current_hole,$B41,hole_hcp_index,XLOOKUP(current_hole,Course!$A:$A,XLOOKUP(player_tee,Course!$D$1:$F$1,Course!$D:$F)),IF(player_hcp>=hole_hcp_index,1,0)+IF(player_hcp>=(18+hole_hcp_index),1,0))} -> 1 | O41: =IF(M41=0,"",M41-N41) -> 4 | P41: {=LET( player_row, $AC41, player_hcp, INDEX($E:$E, player_row), player_flight, INDEX($A:$A, player_row), player_team, INDEX($C:$C, player_row), current_hole, $B41, flight_number, VALUE(RIGHT(player_flight, LEN(player_flight) - 7)), pair_id, "F" & flight_number & "-" & player_team, pair_row, MATCH(pair_id, $I:$I, 0), is_mixed, INDEX($N:$N, pair_row), mixed_hcp_index, VLOOKUP(current_hole, Course!$A:$G, 7, FALSE), default_hcp_index, VLOOKUP(current_hole, Course!$A:$G, 3, FALSE), hole_hcp_index_to_use, IF(is_mixed, mixed_hcp_index, default_hcp_index), strokes, IF(player_hcp>=hole_hcp_index_to_use, 1, 0) + IF(player_hcp>=(18+hole_hcp_index_to_use), 1, 0), strokes )} -> 1 | Q41: =IF($M41=0,"",$M41-P41) -> 4 | R41: {=SUMIFS(Front9_Scores!$D:$D, Front9_Scores!$A:$A, $A41, Front9_Scores!$B:$B, INDEX($B:$B,$AD41), Front9_Scores!$C:$C, $B41)} -> 4 | S41: {=LET(player_hcp,INDEX($E:$E,$AD41),player_tee,INDEX($F:$F,$AD41),current_hole,$B41,hole_hcp_index,XLOOKUP(current_hole,Course!$A:$A,XLOOKUP(player_tee,Course!$D$1:$F$1,Course!$D:$F)),IF(player_hcp>=hole_hcp_index,1,0)+IF(player_hcp>=(18+hole_hcp_index),1,0))} -> 1 | T41: =IF(R41=0,"",R41-S41) -> 3 | U41: {=LET( player_row, $AD41, player_hcp, INDEX($E:$E, player_row), player_flight, INDEX($A:$A, player_row), player_team, INDEX($C:$C, player_row), current_hole, $B41, flight_number, VALUE(RIGHT(player_flight, LEN(player_flight) - 7)), pair_id, "F" & flight_number & "-" & player_team, pair_row, MATCH(pair_id, $I:$I, 0), is_mixed, INDEX($N:$N, pair_row), mixed_hcp_index, VLOOKUP(current_hole, Course!$A:$G, 7, FALSE), default_hcp_index, VLOOKUP(current_hole, Course!$A:$G, 3, FALSE), hole_hcp_index_to_use, IF(is_mixed, mixed_hcp_index, default_hcp_index), strokes, IF(player_hcp>=hole_hcp_index_to_use, 1, 0) + IF(player_hcp>=(18+hole_hcp_index_to_use), 1, 0), strokes )} -> 1 | V41: =IF($R41=0,"",$R41-U41) -> 3 | W41: =IF(COUNT(G41,L41,Q41,V41)<4,"",LET(Red_Best_Ball,MIN(G41,L41),Blue_Best_Ball,MIN(Q41,V41),IF(Red_Best_Ball<Blue_Best_Ball,"Red",IF(Blue_Best_Ball<Red_Best_Ball,"Blue","Tie")))) -> Blue | X41: =IF(COUNT(E41,O41)<2,"",IF(E41<O41,"Red",IF(O41<E41,"Blue","Tie"))) -> Blue | Y41: =IF(COUNT(J41,T41)<2,"",IF(J41<T41,"Red",IF(T41<J41,"Blue","Tie"))) -> Blue | Z41: =A41 -> Flight_1 | AA41: 4 | AB41: 5 | AC41: 2 | AD41: 3
A42: Flight_1 | B42: 7 | C42: {=SUMIFS(Front9_Scores!$D:$D, Front9_Scores!$A:$A, $A42, Front9_Scores!$B:$B, INDEX($B:$B,$AA42), Front9_Scores!$C:$C, $B42)} -> 2 | D42: {=LET(player_hcp,INDEX($E:$E,$AA42),player_tee,INDEX($F:$F,$AA42),current_hole,$B42,hole_hcp_index,XLOOKUP(current_hole,Course!$A:$A,XLOOKUP(player_tee,Course!$D$1:$F$1,Course!$D:$F)),IF(player_hcp>=hole_hcp_index,1,0)+IF(player_hcp>=(18+hole_hcp_index),1,0))} -> 0 | E42: =IF($C42=0,"",$C42-D42) -> 2 | F42: {=LET( player_row, $AA42, player_hcp, INDEX($E:$E, player_row), player_flight, INDEX($A:$A, player_row), player_team, INDEX($C:$C, player_row), current_hole, $B42, flight_number, VALUE(RIGHT(player_flight, LEN(player_flight) - 7)), pair_id, "F" & flight_number & "-" & player_team, pair_row, MATCH(pair_id, $I:$I, 0), is_mixed, INDEX($N:$N, pair_row), mixed_hcp_index, VLOOKUP(current_hole, Course!$A:$G, 7, FALSE), default_hcp_index, VLOOKUP(current_hole, Course!$A:$G, 3, FALSE), hole_hcp_index_to_use, IF(is_mixed, mixed_hcp_index, default_hcp_index), strokes, IF(player_hcp>=hole_hcp_index_to_use, 1, 0) + IF(player_hcp>=(18+hole_hcp_index_to_use), 1, 0), strokes )} -> 0 | G42: =IF($C42=0,"",$C42-F42) -> 2 | H42: {=SUMIFS(Front9_Scores!$D:$D, Front9_Scores!$A:$A, $A42, Front9_Scores!$B:$B, INDEX($B:$B,$AB42), Front9_Scores!$C:$C, $B42)} -> 3 | I42: {=LET(player_hcp,INDEX($E:$E,$AB42),player_tee,INDEX($F:$F,$AB42),current_hole,$B42,hole_hcp_index,XLOOKUP(current_hole,Course!$A:$A,XLOOKUP(player_tee,Course!$D$1:$F$1,Course!$D:$F)),IF(player_hcp>=hole_hcp_index,1,0)+IF(player_hcp>=(18+hole_hcp_index),1,0))} -> 0 | J42: =IF($H42=0,"",$H42-I42) -> 3 | K42: {=LET( player_row, $AB42, player_hcp, INDEX($E:$E, player_row), player_flight, INDEX($A:$A, player_row), player_team, INDEX($C:$C, player_row), current_hole, $B42, flight_number, VALUE(RIGHT(player_flight, LEN(player_flight) - 7)), pair_id, "F" & flight_number & "-" & player_team, pair_row, MATCH(pair_id, $I:$I, 0), is_mixed, INDEX($N:$N, pair_row), mixed_hcp_index, VLOOKUP(current_hole, Course!$A:$G, 7, FALSE), default_hcp_index, VLOOKUP(current_hole, Course!$A:$G, 3, FALSE), hole_hcp_index_to_use, IF(is_mixed, mixed_hcp_index, default_hcp_index), strokes, IF(player_hcp>=hole_hcp_index_to_use, 1, 0) + IF(player_hcp>=(18+hole_hcp_index_to_use), 1, 0), strokes )} -> 0 | L42: =IF($H42=0,"",$H42-K42) -> 3 | M42: {=SUMIFS(Front9_Scores!$D:$D, Front9_Scores!$A:$A, $A42, Front9_Scores!$B:$B, INDEX($B:$B,$AC42), Front9_Scores!$C:$C, $B42)} -> 3 | N42: {=LET(player_hcp,INDEX($E:$E,$AC42),player_tee,INDEX($F:$F,$AC42),current_hole,$B42,hole_hcp_index,XLOOKUP(current_hole,Course!$A:$A,XLOOKUP(player_tee,Course!$D$1:$F$1,Course!$D:$F)),IF(player_hcp>=hole_hcp_index,1,0)+IF(player_hcp>=(18+hole_hcp_index),1,0))} -> 0 | O42: =IF(M42=0,"",M42-N42) -> 3 | P42: {=LET( player_row, $AC42, player_hcp, INDEX($E:$E, player_row), player_flight, INDEX($A:$A, player_row), player_team, INDEX($C:$C, player_row), current_hole, $B42, flight_number, VALUE(RIGHT(player_flight, LEN(player_flight) - 7)), pair_id, "F" & flight_number & "-" & player_team, pair_row, MATCH(pair_id, $I:$I, 0), is_mixed, INDEX($N:$N, pair_row), mixed_hcp_index, VLOOKUP(current_hole, Course!$A:$G, 7, FALSE), default_hcp_index, VLOOKUP(current_hole, Course!$A:$G, 3, FALSE), hole_hcp_index_to_use, IF(is_mixed, mixed_hcp_index, default_hcp_index), strokes, IF(player_hcp>=hole_hcp_index_to_use, 1, 0) + IF(player_hcp>=(18+hole_hcp_index_to_use), 1, 0), strokes )} -> 0 | Q42: =IF($M42=0,"",$M42-P42) -> 3 | R42: {=SUMIFS(Front9_Scores!$D:$D, Front9_Scores!$A:$A, $A42, Front9_Scores!$B:$B, INDEX($B:$B,$AD42), Front9_Scores!$C:$C, $B42)} -> 3 | S42: {=LET(player_hcp,INDEX($E:$E,$AD42),player_tee,INDEX($F:$F,$AD42),current_hole,$B42,hole_hcp_index,XLOOKUP(current_hole,Course!$A:$A,XLOOKUP(player_tee,Course!$D$1:$F$1,Course!$D:$F)),IF(player_hcp>=hole_hcp_index,1,0)+IF(player_hcp>=(18+hole_hcp_index),1,0))} -> 1 | T42: =IF(R42=0,"",R42-S42) -> 2 | U42: {=LET( player_row, $AD42, player_hcp, INDEX($E:$E, player_row), player_flight, INDEX($A:$A, player_row), player_team, INDEX($C:$C, player_row), current_hole, $B42, flight_number, VALUE(RIGHT(player_flight, LEN(player_flight) - 7)), pair_id, "F" & flight_number & "-" & player_team, pair_row, MATCH(pair_id, $I:$I, 0), is_mixed, INDEX($N:$N, pair_row), mixed_hcp_index, VLOOKUP(current_hole, Course!$A:$G, 7, FALSE), default_hcp_index, VLOOKUP(current_hole, Course!$A:$G, 3, FALSE), hole_hcp_index_to_use, IF(is_mixed, mixed_hcp_index, default_hcp_index), strokes, IF(player_hcp>=hole_hcp_index_to_use, 1, 0) + IF(player_hcp>=(18+hole_hcp_index_to_use), 1, 0), strokes )} -> 1 | V42: =IF($R42=0,"",$R42-U42) -> 2 | W42: =IF(COUNT(G42,L42,Q42,V42)<4,"",LET(Red_Best_Ball,MIN(G42,L42),Blue_Best_Ball,MIN(Q42,V42),IF(Red_Best_Ball<Blue_Best_Ball,"Red",IF(Blue_Best_Ball<Red_Best_Ball,"Blue","Tie")))) -> Tie | X42: =IF(COUNT(E42,O42)<2,"",IF(E42<O42,"Red",IF(O42<E42,"Blue","Tie"))) -> Red | Y42: =IF(COUNT(J42,T42)<2,"",IF(J42<T42,"Red",IF(T42<J42,"Blue","Tie"))) -> Blue | Z42: =A42 -> Flight_1 | AA42: 4 | AB42: 5 | AC42: 2 | AD42: 3
A43: Flight_1 | B43: 8 | C43: {=SUMIFS(Front9_Scores!$D:$D, Front9_Scores!$A:$A, $A43, Front9_Scores!$B:$B, INDEX($B:$B,$AA43), Front9_Scores!$C:$C, $B43)} -> 5 | D43: {=LET(player_hcp,INDEX($E:$E,$AA43),player_tee,INDEX($F:$F,$AA43),current_hole,$B43,hole_hcp_index,XLOOKUP(current_hole,Course!$A:$A,XLOOKUP(player_tee,Course!$D$1:$F$1,Course!$D:$F)),IF(player_hcp>=hole_hcp_index,1,0)+IF(player_hcp>=(18+hole_hcp_index),1,0))} -> 0 | E43: =IF($C43=0,"",$C43-D43) -> 5 | F43: {=LET( player_row, $AA43, player_hcp, INDEX($E:$E, player_row), player_flight, INDEX($A:$A, player_row), player_team, INDEX($C:$C, player_row), current_hole, $B43, flight_number, VALUE(RIGHT(player_flight, LEN(player_flight) - 7)), pair_id, "F" & flight_number & "-" & player_team, pair_row, MATCH(pair_id, $I:$I, 0), is_mixed, INDEX($N:$N, pair_row), mixed_hcp_index, VLOOKUP(current_hole, Course!$A:$G, 7, FALSE), default_hcp_index, VLOOKUP(current_hole, Course!$A:$G, 3, FALSE), hole_hcp_index_to_use, IF(is_mixed, mixed_hcp_index, default_hcp_index), strokes, IF(player_hcp>=hole_hcp_index_to_use, 1, 0) + IF(player_hcp>=(18+hole_hcp_index_to_use), 1, 0), strokes )} -> 1 | G43: =IF($C43=0,"",$C43-F43) -> 4 | H43: {=SUMIFS(Front9_Scores!$D:$D, Front9_Scores!$A:$A, $A43, Front9_Scores!$B:$B, INDEX($B:$B,$AB43), Front9_Scores!$C:$C, $B43)} -> 7 | I43: {=LET(player_hcp,INDEX($E:$E,$AB43),player_tee,INDEX($F:$F,$AB43),current_hole,$B43,hole_hcp_index,XLOOKUP(current_hole,Course!$A:$A,XLOOKUP(player_tee,Course!$D$1:$F$1,Course!$D:$F)),IF(player_hcp>=hole_hcp_index,1,0)+IF(player_hcp>=(18+hole_hcp_index),1,0))} -> 1 | J43: =IF($H43=0,"",$H43-I43) -> 6 | K43: {=LET( player_row, $AB43, player_hcp, INDEX($E:$E, player_row), player_flight, INDEX($A:$A, player_row), player_team, INDEX($C:$C, player_row), current_hole, $B43, flight_number, VALUE(RIGHT(player_flight, LEN(player_flight) - 7)), pair_id, "F" & flight_number & "-" & player_team, pair_row, MATCH(pair_id, $I:$I, 0), is_mixed, INDEX($N:$N, pair_row), mixed_hcp_index, VLOOKUP(current_hole, Course!$A:$G, 7, FALSE), default_hcp_index, VLOOKUP(current_hole, Course!$A:$G, 3, FALSE), hole_hcp_index_to_use, IF(is_mixed, mixed_hcp_index, default_hcp_index), strokes, IF(player_hcp>=hole_hcp_index_to_use, 1, 0) + IF(player_hcp>=(18+hole_hcp_index_to_use), 1, 0), strokes )} -> 1 | L43: =IF($H43=0,"",$H43-K43) -> 6 | M43: {=SUMIFS(Front9_Scores!$D:$D, Front9_Scores!$A:$A, $A43, Front9_Scores!$B:$B, INDEX($B:$B,$AC43), Front9_Scores!$C:$C, $B43)} -> 7 | N43: {=LET(player_hcp,INDEX($E:$E,$AC43),player_tee,INDEX($F:$F,$AC43),current_hole,$B43,hole_hcp_index,XLOOKUP(current_hole,Course!$A:$A,XLOOKUP(player_tee,Course!$D$1:$F$1,Course!$D:$F)),IF(player_hcp>=hole_hcp_index,1,0)+IF(player_hcp>=(18+hole_hcp_index),1,0))} -> 1 | O43: =IF(M43=0,"",M43-N43) -> 6 | P43: {=LET( player_row, $AC43, player_hcp, INDEX($E:$E, player_row), player_flight, INDEX($A:$A, player_row), player_team, INDEX($C:$C, player_row), current_hole, $B43, flight_number, VALUE(RIGHT(player_flight, LEN(player_flight) - 7)), pair_id, "F" & flight_number & "-" & player_team, pair_row, MATCH(pair_id, $I:$I, 0), is_mixed, INDEX($N:$N, pair_row), mixed_hcp_index, VLOOKUP(current_hole, Course!$A:$G, 7, FALSE), default_hcp_index, VLOOKUP(current_hole, Course!$A:$G, 3, FALSE), hole_hcp_index_to_use, IF(is_mixed, mixed_hcp_index, default_hcp_index), strokes, IF(player_hcp>=hole_hcp_index_to_use, 1, 0) + IF(player_hcp>=(18+hole_hcp_index_to_use), 1, 0), strokes )} -> 1 | Q43: =IF($M43=0,"",$M43-P43) -> 6 | R43: {=SUMIFS(Front9_Scores!$D:$D, Front9_Scores!$A:$A, $A43, Front9_Scores!$B:$B, INDEX($B:$B,$AD43), Front9_Scores!$C:$C, $B43)} -> 6 | S43: {=LET(player_hcp,INDEX($E:$E,$AD43),player_tee,INDEX($F:$F,$AD43),current_hole,$B43,hole_hcp_index,XLOOKUP(current_hole,Course!$A:$A,XLOOKUP(player_tee,Course!$D$1:$F$1,Course!$D:$F)),IF(player_hcp>=hole_hcp_index,1,0)+IF(player_hcp>=(18+hole_hcp_index),1,0))} -> 1 | T43: =IF(R43=0,"",R43-S43) -> 5 | U43: {=LET( player_row, $AD43, player_hcp, INDEX($E:$E, player_row), player_flight, INDEX($A:$A, player_row), player_team, INDEX($C:$C, player_row), current_hole, $B43, flight_number, VALUE(RIGHT(player_flight, LEN(player_flight) - 7)), pair_id, "F" & flight_number & "-" & player_team, pair_row, MATCH(pair_id, $I:$I, 0), is_mixed, INDEX($N:$N, pair_row), mixed_hcp_index, VLOOKUP(current_hole, Course!$A:$G, 7, FALSE), default_hcp_index, VLOOKUP(current_hole, Course!$A:$G, 3, FALSE), hole_hcp_index_to_use, IF(is_mixed, mixed_hcp_index, default_hcp_index), strokes, IF(player_hcp>=hole_hcp_index_to_use, 1, 0) + IF(player_hcp>=(18+hole_hcp_index_to_use), 1, 0), strokes )} -> 1 | V43: =IF($R43=0,"",$R43-U43) -> 5 | W43: =IF(COUNT(G43,L43,Q43,V43)<4,"",LET(Red_Best_Ball,MIN(G43,L43),Blue_Best_Ball,MIN(Q43,V43),IF(Red_Best_Ball<Blue_Best_Ball,"Red",IF(Blue_Best_Ball<Red_Best_Ball,"Blue","Tie")))) -> Red | X43: =IF(COUNT(E43,O43)<2,"",IF(E43<O43,"Red",IF(O43<E43,"Blue","Tie"))) -> Red | Y43: =IF(COUNT(J43,T43)<2,"",IF(J43<T43,"Red",IF(T43<J43,"Blue","Tie"))) -> Blue | Z43: =A43 -> Flight_1 | AA43: 4 | AB43: 5 | AC43: 2 | AD43: 3
A44: Flight_1 | B44: 9 | C44: {=SUMIFS(Front9_Scores!$D:$D, Front9_Scores!$A:$A, $A44, Front9_Scores!$B:$B, INDEX($B:$B,$AA44), Front9_Scores!$C:$C, $B44)} -> 0 | D44: {=LET(player_hcp,INDEX($E:$E,$AA44),player_tee,INDEX($F:$F,$AA44),current_hole,$B44,hole_hcp_index,XLOOKUP(current_hole,Course!$A:$A,XLOOKUP(player_tee,Course!$D$1:$F$1,Course!$D:$F)),IF(player_hcp>=hole_hcp_index,1,0)+IF(player_hcp>=(18+hole_hcp_index),1,0))} -> 1 | E44: =IF($C44=0,"",$C44-D44) | F44: {=LET( player_row, $AA44, player_hcp, INDEX($E:$E, player_row), player_flight, INDEX($A:$A, player_row), player_team, INDEX($C:$C, player_row), current_hole, $B44, flight_number, VALUE(RIGHT(player_flight, LEN(player_flight) - 7)), pair_id, "F" & flight_number & "-" & player_team, pair_row, MATCH(pair_id, $I:$I, 0), is_mixed, INDEX($N:$N, pair_row), mixed_hcp_index, VLOOKUP(current_hole, Course!$A:$G, 7, FALSE), default_hcp_index, VLOOKUP(current_hole, Course!$A:$G, 3, FALSE), hole_hcp_index_to_use, IF(is_mixed, mixed_hcp_index, default_hcp_index), strokes, IF(player_hcp>=hole_hcp_index_to_use, 1, 0) + IF(player_hcp>=(18+hole_hcp_index_to_use), 1, 0), strokes )} -> 1 | G44: =IF($C44=0,"",$C44-F44) | H44: {=SUMIFS(Front9_Scores!$D:$D, Front9_Scores!$A:$A, $A44, Front9_Scores!$B:$B, INDEX($B:$B,$AB44), Front9_Scores!$C:$C, $B44)} -> 0 | I44: {=LET(player_hcp,INDEX($E:$E,$AB44),player_tee,INDEX($F:$F,$AB44),current_hole,$B44,hole_hcp_index,XLOOKUP(current_hole,Course!$A:$A,XLOOKUP(player_tee,Course!$D$1:$F$1,Course!$D:$F)),IF(player_hcp>=hole_hcp_index,1,0)+IF(player_hcp>=(18+hole_hcp_index),1,0))} -> 1 | J44: =IF($H44=0,"",$H44-I44) | K44: {=LET( player_row, $AB44, player_hcp, INDEX($E:$E, player_row), player_flight, INDEX($A:$A, player_row), player_team, INDEX($C:$C, player_row), current_hole, $B44, flight_number, VALUE(RIGHT(player_flight, LEN(player_flight) - 7)), pair_id, "F" & flight_number & "-" & player_team, pair_row, MATCH(pair_id, $I:$I, 0), is_mixed, INDEX($N:$N, pair_row), mixed_hcp_index, VLOOKUP(current_hole, Course!$A:$G, 7, FALSE), default_hcp_index, VLOOKUP(current_hole, Course!$A:$G, 3, FALSE), hole_hcp_index_to_use, IF(is_mixed, mixed_hcp_index, default_hcp_index), strokes, IF(player_hcp>=hole_hcp_index_to_use, 1, 0) + IF(player_hcp>=(18+hole_hcp_index_to_use), 1, 0), strokes )} -> 1 | L44: =IF($H44=0,"",$H44-K44) | M44: {=SUMIFS(Front9_Scores!$D:$D, Front9_Scores!$A:$A, $A44, Front9_Scores!$B:$B, INDEX($B:$B,$AC44), Front9_Scores!$C:$C, $B44)} -> 0 | N44: {=LET(player_hcp,INDEX($E:$E,$AC44),player_tee,INDEX($F:$F,$AC44),current_hole,$B44,hole_hcp_index,XLOOKUP(current_hole,Course!$A:$A,XLOOKUP(player_tee,Course!$D$1:$F$1,Course!$D:$F)),IF(player_hcp>=hole_hcp_index,1,0)+IF(player_hcp>=(18+hole_hcp_index),1,0))} -> 1 | O44: =IF(M44=0,"",M44-N44) | P44: {=LET( player_row, $AC44, player_hcp, INDEX($E:$E, player_row), player_flight, INDEX($A:$A, player_row), player_team, INDEX($C:$C, player_row), current_hole, $B44, flight_number, VALUE(RIGHT(player_flight, LEN(player_flight) - 7)), pair_id, "F" & flight_number & "-" & player_team, pair_row, MATCH(pair_id, $I:$I, 0), is_mixed, INDEX($N:$N, pair_row), mixed_hcp_index, VLOOKUP(current_hole, Course!$A:$G, 7, FALSE), default_hcp_index, VLOOKUP(current_hole, Course!$A:$G, 3, FALSE), hole_hcp_index_to_use, IF(is_mixed, mixed_hcp_index, default_hcp_index), strokes, IF(player_hcp>=hole_hcp_index_to_use, 1, 0) + IF(player_hcp>=(18+hole_hcp_index_to_use), 1, 0), strokes )} -> 1 | Q44: =IF($M44=0,"",$M44-P44) | R44: {=SUMIFS(Front9_Scores!$D:$D, Front9_Scores!$A:$A, $A44, Front9_Scores!$B:$B, INDEX($B:$B,$AD44), Front9_Scores!$C:$C, $B44)} -> 0 | S44: {=LET(player_hcp,INDEX($E:$E,$AD44),player_tee,INDEX($F:$F,$AD44),current_hole,$B44,hole_hcp_index,XLOOKUP(current_hole,Course!$A:$A,XLOOKUP(player_tee,Course!$D$1:$F$1,Course!$D:$F)),IF(player_hcp>=hole_hcp_index,1,0)+IF(player_hcp>=(18+hole_hcp_index),1,0))} -> 1 | T44: =IF(R44=0,"",R44-S44) | U44: {=LET( player_row, $AD44, player_hcp, INDEX($E:$E, player_row), player_flight, INDEX($A:$A, player_row), player_team, INDEX($C:$C, player_row), current_hole, $B44, flight_number, VALUE(RIGHT(player_flight, LEN(player_flight) - 7)), pair_id, "F" & flight_number & "-" & player_team, pair_row, MATCH(pair_id, $I:$I, 0), is_mixed, INDEX($N:$N, pair_row), mixed_hcp_index, VLOOKUP(current_hole, Course!$A:$G, 7, FALSE), default_hcp_index, VLOOKUP(current_hole, Course!$A:$G, 3, FALSE), hole_hcp_index_to_use, IF(is_mixed, mixed_hcp_index, default_hcp_index), strokes, IF(player_hcp>=hole_hcp_index_to_use, 1, 0) + IF(player_hcp>=(18+hole_hcp_index_to_use), 1, 0), strokes )} -> 1 | V44: =IF($R44=0,"",$R44-U44) | W44: =IF(COUNT(G44,L44,Q44,V44)<4,"",LET(Red_Best_Ball,MIN(G44,L44),Blue_Best_Ball,MIN(Q44,V44),IF(Red_Best_Ball<Blue_Best_Ball,"Red",IF(Blue_Best_Ball<Red_Best_Ball,"Blue","Tie")))) | X44: =IF(COUNT(E44,O44)<2,"",IF(E44<O44,"Red",IF(O44<E44,"Blue","Tie"))) | Y44: =IF(COUNT(J44,T44)<2,"",IF(J44<T44,"Red",IF(T44<J44,"Blue","Tie"))) | Z44: =A44 -> Flight_1 | AA44: 4 | AB44: 5 | AC44: 2 | AD44: 3
A46: Match | B46: Hole | C46: P1-Red-Gross | D46: P1-Red-Strokes_IND | E46: P1-Red-Net_IND | F46: P1-Red-Strokes_FB | G46: P1-Red-Net_FB | H46: P2-Red-Gross | I46: P2-Red-Strokes_IND | J46: P2-Red-Net_IND | K46: P2-Red-Strokes_FB | L46: P2-Red-Net_FB | M46: P1-Blue-Gross | N46: P1-Blue-Strokes_IND | O46: P1-Blue-Net_IND | P46: P1-Blue-Strokes_FB | Q46: P1-Blue-Net_FB | R46: P2-Blue-Gross | S46: P2-Blue-Strokes_IND | T46: P2-Blue-Net_IND | U46: P2-Blue-Strokes_FB | V46: P2-Blue-Net_FB | W46: FB-Winner | X46: I1-Winner | Y46: I2-Winner | Z46: Flight_ID | AA46: P1_Red_Row | AB46: P2_Red_Row | AC46: P1_Blue_Row | AD46: P2_Blue_Row
A47: Flight_2 | B47: 1 | C47: {=SUMIFS(Front9_Scores!$D:$D, Front9_Scores!$A:$A, $A47, Front9_Scores!$B:$B, INDEX($B:$B,$AA47), Front9_Scores!$C:$C, $B47)} -> 5 | D47: {=LET(player_hcp,INDEX($E:$E,$AA47),player_tee,INDEX($F:$F,$AA47),current_hole,$B47,hole_hcp_index,XLOOKUP(current_hole,Course!$A:$A,XLOOKUP(player_tee,Course!$D$1:$F$1,Course!$D:$F)),IF(player_hcp>=hole_hcp_index,1,0)+IF(player_hcp>=(18+hole_hcp_index),1,0))} -> 1 | E47: =IF($C47=0,"",$C47-D47) -> 4 | F47: {=LET( player_row, $AA47, player_hcp, INDEX($E:$E, player_row), player_flight, INDEX($A:$A, player_row), player_team, INDEX($C:$C, player_row), current_hole, $B47, flight_number, VALUE(RIGHT(player_flight, LEN(player_flight) - 7)), pair_id, "F" & flight_number & "-" & player_team, pair_row, MATCH(pair_id, $I:$I, 0), is_mixed, INDEX($N:$N, pair_row), mixed_hcp_index, VLOOKUP(current_hole, Course!$A:$G, 7, FALSE), default_hcp_index, VLOOKUP(current_hole, Course!$A:$G, 3, FALSE), hole_hcp_index_to_use, IF(is_mixed, mixed_hcp_index, default_hcp_index), strokes, IF(player_hcp>=hole_hcp_index_to_use, 1, 0) + IF(player_hcp>=(18+hole_hcp_index_to_use), 1, 0), strokes )} -> 1 | G47: =IF($C47=0,"",$C47-F47) -> 4 | H47: {=SUMIFS(Front9_Scores!$D:$D, Front9_Scores!$A:$A, $A47, Front9_Scores!$B:$B, INDEX($B:$B,$AB47), Front9_Scores!$C:$C, $B47)} -> 4 | I47: {=LET(player_hcp,INDEX($E:$E,$AB47),player_tee,INDEX($F:$F,$AB47),current_hole,$B47,hole_hcp_index,XLOOKUP(current_hole,Course!$A:$A,XLOOKUP(player_tee,Course!$D$1:$F$1,Course!$D:$F)),IF(player_hcp>=hole_hcp_index,1,0)+IF(player_hcp>=(18+hole_hcp_index),1,0))} -> 1 | J47: =IF($H47=0,"",$H47-I47) -> 3 | K47: {=LET( player_row, $AB47, player_hcp, INDEX($E:$E, player_row), player_flight, INDEX($A:$A, player_row), player_team, INDEX($C:$C, player_row), current_hole, $B47, flight_number, VALUE(RIGHT(player_flight, LEN(player_flight) - 7)), pair_id, "F" & flight_number & "-" & player_team, pair_row, MATCH(pair_id, $I:$I, 0), is_mixed, INDEX($N:$N, pair_row), mixed_hcp_index, VLOOKUP(current_hole, Course!$A:$G, 7, FALSE), default_hcp_index, VLOOKUP(current_hole, Course!$A:$G, 3, FALSE), hole_hcp_index_to_use, IF(is_mixed, mixed_hcp_index, default_hcp_index), strokes, IF(player_hcp>=hole_hcp_index_to_use, 1, 0) + IF(player_hcp>=(18+hole_hcp_index_to_use), 1, 0), strokes )} -> 1 | L47: =IF($H47=0,"",$H47-K47) -> 3 | M47: {=SUMIFS(Front9_Scores!$D:$D, Front9_Scores!$A:$A, $A47, Front9_Scores!$B:$B, INDEX($B:$B,$AC47), Front9_Scores!$C:$C, $B47)} -> 5 | N47: {=LET(player_hcp,INDEX($E:$E,$AC47),player_tee,INDEX($F:$F,$AC47),current_hole,$B47,hole_hcp_index,XLOOKUP(current_hole,Course!$A:$A,XLOOKUP(player_tee,Course!$D$1:$F$1,Course!$D:$F)),IF(player_hcp>=hole_hcp_index,1,0)+IF(player_hcp>=(18+hole_hcp_index),1,0))} -> 1 | O47: =IF(M47=0,"",M47-N47) -> 4 | P47: {=LET( player_row, $AC47, player_hcp, INDEX($E:$E, player_row), player_flight, INDEX($A:$A, player_row), player_team, INDEX($C:$C, player_row), current_hole, $B47, flight_number, VALUE(RIGHT(player_flight, LEN(player_flight) - 7)), pair_id, "F" & flight_number & "-" & player_team, pair_row, MATCH(pair_id, $I:$I, 0), is_mixed, INDEX($N:$N, pair_row), mixed_hcp_index, VLOOKUP(current_hole, Course!$A:$G, 7, FALSE), default_hcp_index, VLOOKUP(current_hole, Course!$A:$G, 3, FALSE), hole_hcp_index_to_use, IF(is_mixed, mixed_hcp_index, default_hcp_index), strokes, IF(player_hcp>=hole_hcp_index_to_use, 1, 0) + IF(player_hcp>=(18+hole_hcp_index_to_use), 1, 0), strokes )} -> 1 | Q47: =IF($M47=0,"",$M47-P47) -> 4 | R47: {=SUMIFS(Front9_Scores!$D:$D, Front9_Scores!$A:$A, $A47, Front9_Scores!$B:$B, INDEX($B:$B,$AD47), Front9_Scores!$C:$C, $B47)} -> 4 | S47: {=LET(player_hcp,INDEX($E:$E,$AD47),player_tee,INDEX($F:$F,$AD47),current_hole,$B47,hole_hcp_index,XLOOKUP(current_hole,Course!$A:$A,XLOOKUP(player_tee,Course!$D$1:$F$1,Course!$D:$F)),IF(player_hcp>=hole_hcp_index,1,0)+IF(player_hcp>=(18+hole_hcp_index),1,0))} -> 1 | T47: =IF(R47=0,"",R47-S47) -> 3 | U47: {=LET( player_row, $AD47, player_hcp, INDEX($E:$E, player_row), player_flight, INDEX($A:$A, player_row), player_team, INDEX($C:$C, player_row), current_hole, $B47, flight_number, VALUE(RIGHT(player_flight, LEN(player_flight) - 7)), pair_id, "F" & flight_number & "-" & player_team, pair_row, MATCH(pair_id, $I:$I, 0), is_mixed, INDEX($N:$N, pair_row), mixed_hcp_index, VLOOKUP(current_hole, Course!$A:$G, 7, FALSE), default_hcp_index, VLOOKUP(current_hole, Course!$A:$G, 3, FALSE), hole_hcp_index_to_use, IF(is_mixed, mixed_hcp_index, default_hcp_index), strokes, IF(player_hcp>=hole_hcp_index_to_use, 1, 0) + IF(player_hcp>=(18+hole_hcp_index_to_use), 1, 0), strokes )} -> 1 | V47: =IF($R47=0,"",$R47-U47) -> 3 | W47: =IF(COUNT(G47,L47,Q47,V47)<4,"",LET(Red_Best_Ball,MIN(G47,L47),Blue_Best_Ball,MIN(Q47,V47),IF(Red_Best_Ball<Blue_Best_Ball,"Red",IF(Blue_Best_Ball<Red_Best_Ball,"Blue","Tie")))) -> Tie | X47: =IF(COUNT(E47,O47)<2,"",IF(E47<O47,"Red",IF(O47<E47,"Blue","Tie"))) -> Tie | Y47: =IF(COUNT(J47,T47)<2,"",IF(J47<T47,"Red",IF(T47<J47,"Blue","Tie"))) -> Tie | Z47: =A47 -> Flight_2 | AA47: 8 | AB47: 9 | AC47: 6 | AD47: 7
A48: Flight_2 | B48: 2 | C48: {=SUMIFS(Front9_Scores!$D:$D, Front9_Scores!$A:$A, $A48, Front9_Scores!$B:$B, INDEX($B:$B,$AA48), Front9_Scores!$C:$C, $B48)} -> 5 | D48: {=LET(player_hcp,INDEX($E:$E,$AA48),player_tee,INDEX($F:$F,$AA48),current_hole,$B48,hole_hcp_index,XLOOKUP(current_hole,Course!$A:$A,XLOOKUP(player_tee,Course!$D$1:$F$1,Course!$D:$F)),IF(player_hcp>=hole_hcp_index,1,0)+IF(player_hcp>=(18+hole_hcp_index),1,0))} -> 0 | E48: =IF($C48=0,"",$C48-D48) -> 5 | F48: {=LET( player_row, $AA48, player_hcp, INDEX($E:$E, player_row), player_flight, INDEX($A:$A, player_row), player_team, INDEX($C:$C, player_row), current_hole, $B48, flight_number, VALUE(RIGHT(player_flight, LEN(player_flight) - 7)), pair_id, "F" & flight_number & "-" & player_team, pair_row, MATCH(pair_id, $I:$I, 0), is_mixed, INDEX($N:$N, pair_row), mixed_hcp_index, VLOOKUP(current_hole, Course!$A:$G, 7, FALSE), default_hcp_index, VLOOKUP(current_hole, Course!$A:$G, 3, FALSE), hole_hcp_index_to_use, IF(is_mixed, mixed_hcp_index, default_hcp_index), strokes, IF(player_hcp>=hole_hcp_index_to_use, 1, 0) + IF(player_hcp>=(18+hole_hcp_index_to_use), 1, 0), strokes )} -> 0 | G48: =IF($C48=0,"",$C48-F48) -> 5 | H48: {=SUMIFS(Front9_Scores!$D:$D, Front9_Scores!$A:$A, $A48, Front9_Scores!$B:$B, INDEX($B:$B,$AB48), Front9_Scores!$C:$C, $B48)} -> 5 | I48: {=LET(player_hcp,INDEX($E:$E,$AB48),player_tee,INDEX($F:$F,$AB48),current_hole,$B48,hole_hcp_index,XLOOKUP(current_hole,Course!$A:$A,XLOOKUP(player_tee,Course!$D$1:$F$1,Course!$D:$F)),IF(player_hcp>=hole_hcp_index,1,0)+IF(player_hcp>=(18+hole_hcp_index),1,0))} -> 0 | J48: =IF($H48=0,"",$H48-I48) -> 5 | K48: {=LET( player_row, $AB48, player_hcp, INDEX($E:$E, player_row), player_flight, INDEX($A:$A, player_row), player_team, INDEX($C:$C, player_row), current_hole, $B48, flight_number, VALUE(RIGHT(player_flight, LEN(player_flight) - 7)), pair_id, "F" & flight_number & "-" & player_team, pair_row, MATCH(pair_id, $I:$I, 0), is_mixed, INDEX($N:$N, pair_row), mixed_hcp_index, VLOOKUP(current_hole, Course!$A:$G, 7, FALSE), default_hcp_index, VLOOKUP(current_hole, Course!$A:$G, 3, FALSE), hole_hcp_index_to_use, IF(is_mixed, mixed_hcp_index, default_hcp_index), strokes, IF(player_hcp>=hole_hcp_index_to_use, 1, 0) + IF(player_hcp>=(18+hole_hcp_index_to_use), 1, 0), strokes )} -> 0 | L48: =IF($H48=0,"",$H48-K48) -> 5 | M48: {=SUMIFS(Front9_Scores!$D:$D, Front9_Scores!$A:$A, $A48, Front9_Scores!$B:$B, INDEX($B:$B,$AC48), Front9_Scores!$C:$C, $B48)} -> 7 | N48: {=LET(player_hcp,INDEX($E:$E,$AC48),player_tee,INDEX($F:$F,$AC48),current_hole,$B48,hole_hcp_index,XLOOKUP(current_hole,Course!$A:$A,XLOOKUP(player_tee,Course!$D$1:$F$1,Course!$D:$F)),IF(player_hcp>=hole_hcp_index,1,0)+IF(player_hcp>=(18+hole_hcp_index),1,0))} -> 1 | O48: =IF(M48=0,"",M48-N48) -> 6 | P48: {=LET( player_row, $AC48, player_hcp, INDEX($E:$E, player_row), player_flight, INDEX($A:$A, player_row), player_team, INDEX($C:$C, player_row), current_hole, $B48, flight_number, VALUE(RIGHT(player_flight, LEN(player_flight) - 7)), pair_id, "F" & flight_number & "-" & player_team, pair_row, MATCH(pair_id, $I:$I, 0), is_mixed, INDEX($N:$N, pair_row), mixed_hcp_index, VLOOKUP(current_hole, Course!$A:$G, 7, FALSE), default_hcp_index, VLOOKUP(current_hole, Course!$A:$G, 3, FALSE), hole_hcp_index_to_use, IF(is_mixed, mixed_hcp_index, default_hcp_index), strokes, IF(player_hcp>=hole_hcp_index_to_use, 1, 0) + IF(player_hcp>=(18+hole_hcp_index_to_use), 1, 0), strokes )} -> 1 | Q48: =IF($M48=0,"",$M48-P48) -> 6 | R48: {=SUMIFS(Front9_Scores!$D:$D, Front9_Scores!$A:$A, $A48, Front9_Scores!$B:$B, INDEX($B:$B,$AD48), Front9_Scores!$C:$C, $B48)} -> 4 | S48: {=LET(player_hcp,INDEX($E:$E,$AD48),player_tee,INDEX($F:$F,$AD48),current_hole,$B48,hole_hcp_index,XLOOKUP(current_hole,Course!$A:$A,XLOOKUP(player_tee,Course!$D$1:$F$1,Course!$D:$F)),IF(player_hcp>=hole_hcp_index,1,0)+IF(player_hcp>=(18+hole_hcp_index),1,0))} -> 1 | T48: =IF(R48=0,"",R48-S48) -> 3 | U48: {=LET( player_row, $AD48, player_hcp, INDEX($E:$E, player_row), player_flight, INDEX($A:$A, player_row), player_team, INDEX($C:$C, player_row), current_hole, $B48, flight_number, VALUE(RIGHT(player_flight, LEN(player_flight) - 7)), pair_id, "F" & flight_number & "-" & player_team, pair_row, MATCH(pair_id, $I:$I, 0), is_mixed, INDEX($N:$N, pair_row), mixed_hcp_index, VLOOKUP(current_hole, Course!$A:$G, 7, FALSE), default_hcp_index, VLOOKUP(current_hole, Course!$A:$G, 3, FALSE), hole_hcp_index_to_use, IF(is_mixed, mixed_hcp_index, default_hcp_index), strokes, IF(player_hcp>=hole_hcp_index_to_use, 1, 0) + IF(player_hcp>=(18+hole_hcp_index_to_use), 1, 0), strokes )} -> 1 | V48: =IF($R48=0,"",$R48-U48) -> 3 | W48: =IF(COUNT(G48,L48,Q48,V48)<4,"",LET(Red_Best_Ball,MIN(G48,L48),Blue_Best_Ball,MIN(Q48,V48),IF(Red_Best_Ball<Blue_Best_Ball,"Red",IF(Blue_Best_Ball<Red_Best_Ball,"Blue","Tie")))) -> Blue | X48: =IF(COUNT(E48,O48)<2,"",IF(E48<O48,"Red",IF(O48<E48,"Blue","Tie"))) -> Red | Y48: =IF(COUNT(J48,T48)<2,"",IF(J48<T48,"Red",IF(T48<J48,"Blue","Tie"))) -> Blue | Z48: =A48 -> Flight_2 | AA48: 8 | AB48: 9 | AC48: 6 | AD48: 7
A49: Flight_2 | B49: 3 | C49: {=SUMIFS(Front9_Scores!$D:$D, Front9_Scores!$A:$A, $A49, Front9_Scores!$B:$B, INDEX($B:$B,$AA49), Front9_Scores!$C:$C, $B49)} -> 7 | D49: {=LET(player_hcp,INDEX($E:$E,$AA49),player_tee,INDEX($F:$F,$AA49),current_hole,$B49,hole_hcp_index,XLOOKUP(current_hole,Course!$A:$A,XLOOKUP(player_tee,Course!$D$1:$F$1,Course!$D:$F)),IF(player_hcp>=hole_hcp_index,1,0)+IF(player_hcp>=(18+hole_hcp_index),1,0))} -> 0 | E49: =IF($C49=0,"",$C49-D49) -> 7 | F49: {=LET( player_row, $AA49, player_hcp, INDEX($E:$E, player_row), player_flight, INDEX($A:$A, player_row), player_team, INDEX($C:$C, player_row), current_hole, $B49, flight_number, VALUE(RIGHT(player_flight, LEN(player_flight) - 7)), pair_id, "F" & flight_number & "-" & player_team, pair_row, MATCH(pair_id, $I:$I, 0), is_mixed, INDEX($N:$N, pair_row), mixed_hcp_index, VLOOKUP(current_hole, Course!$A:$G, 7, FALSE), default_hcp_index, VLOOKUP(current_hole, Course!$A:$G, 3, FALSE), hole_hcp_index_to_use, IF(is_mixed, mixed_hcp_index, default_hcp_index), strokes, IF(player_hcp>=hole_hcp_index_to_use, 1, 0) + IF(player_hcp>=(18+hole_hcp_index_to_use), 1, 0), strokes )} -> 0 | G49: =IF($C49=0,"",$C49-F49) -> 7 | H49: {=SUMIFS(Front9_Scores!$D:$D, Front9_Scores!$A:$A, $A49, Front9_Scores!$B:$B, INDEX($B:$B,$AB49), Front9_Scores!$C:$C, $B49)} -> 4 | I49: {=LET(player_hcp,INDEX($E:$E,$AB49),player_tee,INDEX($F:$F,$AB49),current_hole,$B49,hole_hcp_index,XLOOKUP(current_hole,Course!$A:$A,XLOOKUP(player_tee,Course!$D$1:$F$1,Course!$D:$F)),IF(player_hcp>=hole_hcp_index,1,0)+IF(player_hcp>=(18+hole_hcp_index),1,0))} -> 0 | J49: =IF($H49=0,"",$H49-I49) -> 4 | K49: {=LET( player_row, $AB49, player_hcp, INDEX($E:$E, player_row), player_flight, INDEX($A:$A, player_row), player_team, INDEX($C:$C, player_row), current_hole, $B49, flight_number, VALUE(RIGHT(player_flight, LEN(player_flight) - 7)), pair_id, "F" & flight_number & "-" & player_team, pair_row, MATCH(pair_id, $I:$I, 0), is_mixed, INDEX($N:$N, pair_row), mixed_hcp_index, VLOOKUP(current_hole, Course!$A:$G, 7, FALSE), default_hcp_index, VLOOKUP(current_hole, Course!$A:$G, 3, FALSE), hole_hcp_index_to_use, IF(is_mixed, mixed_hcp_index, default_hcp_index), strokes, IF(player_hcp>=hole_hcp_index_to_use, 1, 0) + IF(player_hcp>=(18+hole_hcp_index_to_use), 1, 0), strokes )} -> 0 | L49: =IF($H49=0,"",$H49-K49) -> 4 | M49: {=SUMIFS(Front9_Scores!$D:$D, Front9_Scores!$A:$A, $A49, Front9_Scores!$B:$B, INDEX($B:$B,$AC49), Front9_Scores!$C:$C, $B49)} -> 5 | N49: {=LET(player_hcp,INDEX($E:$E,$AC49),player_tee,INDEX($F:$F,$AC49),current_hole,$B49,hole_hcp_index,XLOOKUP(current_hole,Course!$A:$A,XLOOKUP(player_tee,Course!$D$1:$F$1,Course!$D:$F)),IF(player_hcp>=hole_hcp_index,1,0)+IF(player_hcp>=(18+hole_hcp_index),1,0))} -> 1 | O49: =IF(M49=0,"",M49-N49) -> 4 | P49: {=LET( player_row, $AC49, player_hcp, INDEX($E:$E, player_row), player_flight, INDEX($A:$A, player_row), player_team, INDEX($C:$C, player_row), current_hole, $B49, flight_number, VALUE(RIGHT(player_flight, LEN(player_flight) - 7)), pair_id, "F" & flight_number & "-" & player_team, pair_row, MATCH(pair_id, $I:$I, 0), is_mixed, INDEX($N:$N, pair_row), mixed_hcp_index, VLOOKUP(current_hole, Course!$A:$G, 7, FALSE), default_hcp_index, VLOOKUP(current_hole, Course!$A:$G, 3, FALSE), hole_hcp_index_to_use, IF(is_mixed, mixed_hcp_index, default_hcp_index), strokes, IF(player_hcp>=hole_hcp_index_to_use, 1, 0) + IF(player_hcp>=(18+hole_hcp_index_to_use), 1, 0), strokes )} -> 1 | Q49: =IF($M49=0,"",$M49-P49) -> 4 | R49: {=SUMIFS(Front9_Scores!$D:$D, Front9_Scores!$A:$A, $A49, Front9_Scores!$B:$B, INDEX($B:$B,$AD49), Front9_Scores!$C:$C, $B49)} -> 4 | S49: {=LET(player_hcp,INDEX($E:$E,$AD49),player_tee,INDEX($F:$F,$AD49),current_hole,$B49,hole_hcp_index,XLOOKUP(current_hole,Course!$A:$A,XLOOKUP(player_tee,Course!$D$1:$F$1,Course!$D:$F)),IF(player_hcp>=hole_hcp_index,1,0)+IF(player_hcp>=(18+hole_hcp_index),1,0))} -> 0 | T49: =IF(R49=0,"",R49-S49) -> 4 | U49: {=LET( player_row, $AD49, player_hcp, INDEX($E:$E, player_row), player_flight, INDEX($A:$A, player_row), player_team, INDEX($C:$C, player_row), current_hole, $B49, flight_number, VALUE(RIGHT(player_flight, LEN(player_flight) - 7)), pair_id, "F" & flight_number & "-" & player_team, pair_row, MATCH(pair_id, $I:$I, 0), is_mixed, INDEX($N:$N, pair_row), mixed_hcp_index, VLOOKUP(current_hole, Course!$A:$G, 7, FALSE), default_hcp_index, VLOOKUP(current_hole, Course!$A:$G, 3, FALSE), hole_hcp_index_to_use, IF(is_mixed, mixed_hcp_index, default_hcp_index), strokes, IF(player_hcp>=hole_hcp_index_to_use, 1, 0) + IF(player_hcp>=(18+hole_hcp_index_to_use), 1, 0), strokes )} -> 0 | V49: =IF($R49=0,"",$R49-U49) -> 4 | W49: =IF(COUNT(G49,L49,Q49,V49)<4,"",LET(Red_Best_Ball,MIN(G49,L49),Blue_Best_Ball,MIN(Q49,V49),IF(Red_Best_Ball<Blue_Best_Ball,"Red",IF(Blue_Best_Ball<Red_Best_Ball,"Blue","Tie")))) -> Tie | X49: =IF(COUNT(E49,O49)<2,"",IF(E49<O49,"Red",IF(O49<E49,"Blue","Tie"))) -> Blue | Y49: =IF(COUNT(J49,T49)<2,"",IF(J49<T49,"Red",IF(T49<J49,"Blue","Tie"))) -> Tie | Z49: =A49 -> Flight_2 | AA49: 8 | AB49: 9 | AC49: 6 | AD49: 7
A50: Flight_2 | B50: 4 | C50: {=SUMIFS(Front9_Scores!$D:$D, Front9_Scores!$A:$A, $A50, Front9_Scores!$B:$B, INDEX($B:$B,$AA50), Front9_Scores!$C:$C, $B50)} -> 3 | D50: {=LET(player_hcp,INDEX($E:$E,$AA50),player_tee,INDEX($F:$F,$AA50),current_hole,$B50,hole_hcp_index,XLOOKUP(current_hole,Course!$A:$A,XLOOKUP(player_tee,Course!$D$1:$F$1,Course!$D:$F)),IF(player_hcp>=hole_hcp_index,1,0)+IF(player_hcp>=(18+hole_hcp_index),1,0))} -> 0 | E50: =IF($C50=0,"",$C50-D50) -> 3 | F50: {=LET( player_row, $AA50, player_hcp, INDEX($E:$E, player_row), player_flight, INDEX($A:$A, player_row), player_team, INDEX($C:$C, player_row), current_hole, $B50, flight_number, VALUE(RIGHT(player_flight, LEN(player_flight) - 7)), pair_id, "F" & flight_number & "-" & player_team, pair_row, MATCH(pair_id, $I:$I, 0), is_mixed, INDEX($N:$N, pair_row), mixed_hcp_index, VLOOKUP(current_hole, Course!$A:$G, 7, FALSE), default_hcp_index, VLOOKUP(current_hole, Course!$A:$G, 3, FALSE), hole_hcp_index_to_use, IF(is_mixed, mixed_hcp_index, default_hcp_index), strokes, IF(player_hcp>=hole_hcp_index_to_use, 1, 0) + IF(player_hcp>=(18+hole_hcp_index_to_use), 1, 0), strokes )} -> 0 | G50: =IF($C50=0,"",$C50-F50) -> 3 | H50: {=SUMIFS(Front9_Scores!$D:$D, Front9_Scores!$A:$A, $A50, Front9_Scores!$B:$B, INDEX($B:$B,$AB50), Front9_Scores!$C:$C, $B50)} -> 4 | I50: {=LET(player_hcp,INDEX($E:$E,$AB50),player_tee,INDEX($F:$F,$AB50),current_hole,$B50,hole_hcp_index,XLOOKUP(current_hole,Course!$A:$A,XLOOKUP(player_tee,Course!$D$1:$F$1,Course!$D:$F)),IF(player_hcp>=hole_hcp_index,1,0)+IF(player_hcp>=(18+hole_hcp_index),1,0))} -> 0 | J50: =IF($H50=0,"",$H50-I50) -> 4 | K50: {=LET( player_row, $AB50, player_hcp, INDEX($E:$E, player_row), player_flight, INDEX($A:$A, player_row), player_team, INDEX($C:$C, player_row), current_hole, $B50, flight_number, VALUE(RIGHT(player_flight, LEN(player_flight) - 7)), pair_id, "F" & flight_number & "-" & player_team, pair_row, MATCH(pair_id, $I:$I, 0), is_mixed, INDEX($N:$N, pair_row), mixed_hcp_index, VLOOKUP(current_hole, Course!$A:$G, 7, FALSE), default_hcp_index, VLOOKUP(current_hole, Course!$A:$G, 3, FALSE), hole_hcp_index_to_use, IF(is_mixed, mixed_hcp_index, default_hcp_index), strokes, IF(player_hcp>=hole_hcp_index_to_use, 1, 0) + IF(player_hcp>=(18+hole_hcp_index_to_use), 1, 0), strokes )} -> 0 | L50: =IF($H50=0,"",$H50-K50) -> 4 | M50: {=SUMIFS(Front9_Scores!$D:$D, Front9_Scores!$A:$A, $A50, Front9_Scores!$B:$B, INDEX($B:$B,$AC50), Front9_Scores!$C:$C, $B50)} -> 6 | N50: {=LET(player_hcp,INDEX($E:$E,$AC50),player_tee,INDEX($F:$F,$AC50),current_hole,$B50,hole_hcp_index,XLOOKUP(current_hole,Course!$A:$A,XLOOKUP(player_tee,Course!$D$1:$F$1,Course!$D:$F)),IF(player_hcp>=hole_hcp_index,1,0)+IF(player_hcp>=(18+hole_hcp_index),1,0))} -> 1 | O50: =IF(M50=0,"",M50-N50) -> 5 | P50: {=LET( player_row, $AC50, player_hcp, INDEX($E:$E, player_row), player_flight, INDEX($A:$A, player_row), player_team, INDEX($C:$C, player_row), current_hole, $B50, flight_number, VALUE(RIGHT(player_flight, LEN(player_flight) - 7)), pair_id, "F" & flight_number & "-" & player_team, pair_row, MATCH(pair_id, $I:$I, 0), is_mixed, INDEX($N:$N, pair_row), mixed_hcp_index, VLOOKUP(current_hole, Course!$A:$G, 7, FALSE), default_hcp_index, VLOOKUP(current_hole, Course!$A:$G, 3, FALSE), hole_hcp_index_to_use, IF(is_mixed, mixed_hcp_index, default_hcp_index), strokes, IF(player_hcp>=hole_hcp_index_to_use, 1, 0) + IF(player_hcp>=(18+hole_hcp_index_to_use), 1, 0), strokes )} -> 1 | Q50: =IF($M50=0,"",$M50-P50) -> 5 | R50: {=SUMIFS(Front9_Scores!$D:$D, Front9_Scores!$A:$A, $A50, Front9_Scores!$B:$B, INDEX($B:$B,$AD50), Front9_Scores!$C:$C, $B50)} -> 5 | S50: {=LET(player_hcp,INDEX($E:$E,$AD50),player_tee,INDEX($F:$F,$AD50),current_hole,$B50,hole_hcp_index,XLOOKUP(current_hole,Course!$A:$A,XLOOKUP(player_tee,Course!$D$1:$F$1,Course!$D:$F)),IF(player_hcp>=hole_hcp_index,1,0)+IF(player_hcp>=(18+hole_hcp_index),1,0))} -> 0 | T50: =IF(R50=0,"",R50-S50) -> 5 | U50: {=LET( player_row, $AD50, player_hcp, INDEX($E:$E, player_row), player_flight, INDEX($A:$A, player_row), player_team, INDEX($C:$C, player_row), current_hole, $B50, flight_number, VALUE(RIGHT(player_flight, LEN(player_flight) - 7)), pair_id, "F" & flight_number & "-" & player_team, pair_row, MATCH(pair_id, $I:$I, 0), is_mixed, INDEX($N:$N, pair_row), mixed_hcp_index, VLOOKUP(current_hole, Course!$A:$G, 7, FALSE), default_hcp_index, VLOOKUP(current_hole, Course!$A:$G, 3, FALSE), hole_hcp_index_to_use, IF(is_mixed, mixed_hcp_index, default_hcp_index), strokes, IF(player_hcp>=hole_hcp_index_to_use, 1, 0) + IF(player_hcp>=(18+hole_hcp_index_to_use), 1, 0), strokes )} -> 0 | V50: =IF($R50=0,"",$R50-U50) -> 5 | W50: =IF(COUNT(G50,L50,Q50,V50)<4,"",LET(Red_Best_Ball,MIN(G50,L50),Blue_Best_Ball,MIN(Q50,V50),IF(Red_Best_Ball<Blue_Best_Ball,"Red",IF(Blue_Best_Ball<Red_Best_Ball,"Blue","Tie")))) -> Red | X50: =IF(COUNT(E50,O50)<2,"",IF(E50<O50,"Red",IF(O50<E50,"Blue","Tie"))) -> Red | Y50: =IF(COUNT(J50,T50)<2,"",IF(J50<T50,"Red",IF(T50<J50,"Blue","Tie"))) -> Red | Z50: =A50 -> Flight_2 | AA50: 8 | AB50: 9 | AC50: 6 | AD50: 7
A51: Flight_2 | B51: 5 | C51: {=SUMIFS(Front9_Scores!$D:$D, Front9_Scores!$A:$A, $A51, Front9_Scores!$B:$B, INDEX($B:$B,$AA51), Front9_Scores!$C:$C, $B51)} -> 4 | D51: {=LET(player_hcp,INDEX($E:$E,$AA51),player_tee,INDEX($F:$F,$AA51),current_hole,$B51,hole_hcp_index,XLOOKUP(current_hole,Course!$A:$A,XLOOKUP(player_tee,Course!$D$1:$F$1,Course!$D:$F)),IF(player_hcp>=hole_hcp_index,1,0)+IF(player_hcp>=(18+hole_hcp_index),1,0))} -> 1 | E51: =IF($C51=0,"",$C51-D51) -> 3 | F51: {=LET( player_row, $AA51, player_hcp, INDEX($E:$E, player_row), player_flight, INDEX($A:$A, player_row), player_team, INDEX($C:$C, player_row), current_hole, $B51, flight_number, VALUE(RIGHT(player_flight, LEN(player_flight) - 7)), pair_id, "F" & flight_number & "-" & player_team, pair_row, MATCH(pair_id, $I:$I, 0), is_mixed, INDEX($N:$N, pair_row), mixed_hcp_index, VLOOKUP(current_hole, Course!$A:$G, 7, FALSE), default_hcp_index, VLOOKUP(current_hole, Course!$A:$G, 3, FALSE), hole_hcp_index_to_use, IF(is_mixed, mixed_hcp_index, default_hcp_index), strokes, IF(player_hcp>=hole_hcp_index_to_use, 1, 0) + IF(player_hcp>=(18+hole_hcp_index_to_use), 1, 0), strokes )} -> 1 | G51: =IF($C51=0,"",$C51-F51) -> 3 | H51: {=SUMIFS(Front9_Scores!$D:$D, Front9_Scores!$A:$A, $A51, Front9_Scores!$B:$B, INDEX($B:$B,$AB51), Front9_Scores!$C:$C, $B51)} -> 3 | I51: {=LET(player_hcp,INDEX($E:$E,$AB51),player_tee,INDEX($F:$F,$AB51),current_hole,$B51,hole_hcp_index,XLOOKUP(current_hole,Course!$A:$A,XLOOKUP(player_tee,Course!$D$1:$F$1,Course!$D:$F)),IF(player_hcp>=hole_hcp_index,1,0)+IF(player_hcp>=(18+hole_hcp_index),1,0))} -> 0 | J51: =IF($H51=0,"",$H51-I51) -> 3 | K51: {=LET( player_row, $AB51, player_hcp, INDEX($E:$E, player_row), player_flight, INDEX($A:$A, player_row), player_team, INDEX($C:$C, player_row), current_hole, $B51, flight_number, VALUE(RIGHT(player_flight, LEN(player_flight) - 7)), pair_id, "F" & flight_number & "-" & player_team, pair_row, MATCH(pair_id, $I:$I, 0), is_mixed, INDEX($N:$N, pair_row), mixed_hcp_index, VLOOKUP(current_hole, Course!$A:$G, 7, FALSE), default_hcp_index, VLOOKUP(current_hole, Course!$A:$G, 3, FALSE), hole_hcp_index_to_use, IF(is_mixed, mixed_hcp_index, default_hcp_index), strokes, IF(player_hcp>=hole_hcp_index_to_use, 1, 0) + IF(player_hcp>=(18+hole_hcp_index_to_use), 1, 0), strokes )} -> 0 | L51: =IF($H51=0,"",$H51-K51) -> 3 | M51: {=SUMIFS(Front9_Scores!$D:$D, Front9_Scores!$A:$A, $A51, Front9_Scores!$B:$B, INDEX($B:$B,$AC51), Front9_Scores!$C:$C, $B51)} -> 6 | N51: {=LET(player_hcp,INDEX($E:$E,$AC51),player_tee,INDEX($F:$F,$AC51),current_hole,$B51,hole_hcp_index,XLOOKUP(current_hole,Course!$A:$A,XLOOKUP(player_tee,Course!$D$1:$F$1,Course!$D:$F)),IF(player_hcp>=hole_hcp_index,1,0)+IF(player_hcp>=(18+hole_hcp_index),1,0))} -> 1 | O51: =IF(M51=0,"",M51-N51) -> 5 | P51: {=LET( player_row, $AC51, player_hcp, INDEX($E:$E, player_row), player_flight, INDEX($A:$A, player_row), player_team, INDEX($C:$C, player_row), current_hole, $B51, flight_number, VALUE(RIGHT(player_flight, LEN(player_flight) - 7)), pair_id, "F" & flight_number & "-" & player_team, pair_row, MATCH(pair_id, $I:$I, 0), is_mixed, INDEX($N:$N, pair_row), mixed_hcp_index, VLOOKUP(current_hole, Course!$A:$G, 7, FALSE), default_hcp_index, VLOOKUP(current_hole, Course!$A:$G, 3, FALSE), hole_hcp_index_to_use, IF(is_mixed, mixed_hcp_index, default_hcp_index), strokes, IF(player_hcp>=hole_hcp_index_to_use, 1, 0) + IF(player_hcp>=(18+hole_hcp_index_to_use), 1, 0), strokes )} -> 1 | Q51: =IF($M51=0,"",$M51-P51) -> 5 | R51: {=SUMIFS(Front9_Scores!$D:$D, Front9_Scores!$A:$A, $A51, Front9_Scores!$B:$B, INDEX($B:$B,$AD51), Front9_Scores!$C:$C, $B51)} -> 3 | S51: {=LET(player_hcp,INDEX($E:$E,$AD51),player_tee,INDEX($F:$F,$AD51),current_hole,$B51,hole_hcp_index,XLOOKUP(current_hole,Course!$A:$A,XLOOKUP(player_tee,Course!$D$1:$F$1,Course!$D:$F)),IF(player_hcp>=hole_hcp_index,1,0)+IF(player_hcp>=(18+hole_hcp_index),1,0))} -> 1 | T51: =IF(R51=0,"",R51-S51) -> 2 | U51: {=LET( player_row, $AD51, player_hcp, INDEX($E:$E, player_row), player_flight, INDEX($A:$A, player_row), player_team, INDEX($C:$C, player_row), current_hole, $B51, flight_number, VALUE(RIGHT(player_flight, LEN(player_flight) - 7)), pair_id, "F" & flight_number & "-" & player_team, pair_row, MATCH(pair_id, $I:$I, 0), is_mixed, INDEX($N:$N, pair_row), mixed_hcp_index, VLOOKUP(current_hole, Course!$A:$G, 7, FALSE), default_hcp_index, VLOOKUP(current_hole, Course!$A:$G, 3, FALSE), hole_hcp_index_to_use, IF(is_mixed, mixed_hcp_index, default_hcp_index), strokes, IF(player_hcp>=hole_hcp_index_to_use, 1, 0) + IF(player_hcp>=(18+hole_hcp_index_to_use), 1, 0), strokes )} -> 1 | V51: =IF($R51=0,"",$R51-U51) -> 2 | W51: =IF(COUNT(G51,L51,Q51,V51)<4,"",LET(Red_Best_Ball,MIN(G51,L51),Blue_Best_Ball,MIN(Q51,V51),IF(Red_Best_Ball<Blue_Best_Ball,"Red",IF(Blue_Best_Ball<Red_Best_Ball,"Blue","Tie")))) -> Blue | X51: =IF(COUNT(E51,O51)<2,"",IF(E51<O51,"Red",IF(O51<E51,"Blue","Tie"))) -> Red | Y51: =IF(COUNT(J51,T51)<2,"",IF(J51<T51,"Red",IF(T51<J51,"Blue","Tie"))) -> Blue | Z51: =A51 -> Flight_2 | AA51: 8 | AB51: 9 | AC51: 6 | AD51: 7
A52: Flight_2 | B52: 6 | C52: {=SUMIFS(Front9_Scores!$D:$D, Front9_Scores!$A:$A, $A52, Front9_Scores!$B:$B, INDEX($B:$B,$AA52), Front9_Scores!$C:$C, $B52)} -> 3 | D52: {=LET(player_hcp,INDEX($E:$E,$AA52),player_tee,INDEX($F:$F,$AA52),current_hole,$B52,hole_hcp_index,XLOOKUP(current_hole,Course!$A:$A,XLOOKUP(player_tee,Course!$D$1:$F$1,Course!$D:$F)),IF(player_hcp>=hole_hcp_index,1,0)+IF(player_hcp>=(18+hole_hcp_index),1,0))} -> 1 | E52: =IF($C52=0,"",$C52-D52) -> 2 | F52: {=LET( player_row, $AA52, player_hcp, INDEX($E:$E, player_row), player_flight, INDEX($A:$A, player_row), player_team, INDEX($C:$C, player_row), current_hole, $B52, flight_number, VALUE(RIGHT(player_flight, LEN(player_flight) - 7)), pair_id, "F" & flight_number & "-" & player_team, pair_row, MATCH(pair_id, $I:$I, 0), is_mixed, INDEX($N:$N, pair_row), mixed_hcp_index, VLOOKUP(current_hole, Course!$A:$G, 7, FALSE), default_hcp_index, VLOOKUP(current_hole, Course!$A:$G, 3, FALSE), hole_hcp_index_to_use, IF(is_mixed, mixed_hcp_index, default_hcp_index), strokes, IF(player_hcp>=hole_hcp_index_to_use, 1, 0) + IF(player_hcp>=(18+hole_hcp_index_to_use), 1, 0), strokes )} -> 1 | G52: =IF($C52=0,"",$C52-F52) -> 2 | H52: {=SUMIFS(Front9_Scores!$D:$D, Front9_Scores!$A:$A, $A52, Front9_Scores!$B:$B, INDEX($B:$B,$AB52), Front9_Scores!$C:$C, $B52)} -> 5 | I52: {=LET(player_hcp,INDEX($E:$E,$AB52),player_tee,INDEX($F:$F,$AB52),current_hole,$B52,hole_hcp_index,XLOOKUP(current_hole,Course!$A:$A,XLOOKUP(player_tee,Course!$D$1:$F$1,Course!$D:$F)),IF(player_hcp>=hole_hcp_index,1,0)+IF(player_hcp>=(18+hole_hcp_index),1,0))} -> 1 | J52: =IF($H52=0,"",$H52-I52) -> 4 | K52: {=LET( player_row, $AB52, player_hcp, INDEX($E:$E, player_row), player_flight, INDEX($A:$A, player_row), player_team, INDEX($C:$C, player_row), current_hole, $B52, flight_number, VALUE(RIGHT(player_flight, LEN(player_flight) - 7)), pair_id, "F" & flight_number & "-" & player_team, pair_row, MATCH(pair_id, $I:$I, 0), is_mixed, INDEX($N:$N, pair_row), mixed_hcp_index, VLOOKUP(current_hole, Course!$A:$G, 7, FALSE), default_hcp_index, VLOOKUP(current_hole, Course!$A:$G, 3, FALSE), hole_hcp_index_to_use, IF(is_mixed, mixed_hcp_index, default_hcp_index), strokes, IF(player_hcp>=hole_hcp_index_to_use, 1, 0) + IF(player_hcp>=(18+hole_hcp_index_to_use), 1, 0), strokes )} -> 1 | L52: =IF($H52=0,"",$H52-K52) -> 4 | M52: {=SUMIFS(Front9_Scores!$D:$D, Front9_Scores!$A:$A, $A52, Front9_Scores!$B:$B, INDEX($B:$B,$AC52), Front9_Scores!$C:$C, $B52)} -> 6 | N52: {=LET(player_hcp,INDEX($E:$E,$AC52),player_tee,INDEX($F:$F,$AC52),current_hole,$B52,hole_hcp_index,XLOOKUP(current_hole,Course!$A:$A,XLOOKUP(player_tee,Course!$D$1:$F$1,Course!$D:$F)),IF(player_hcp>=hole_hcp_index,1,0)+IF(player_hcp>=(18+hole_hcp_index),1,0))} -> 1 | O52: =IF(M52=0,"",M52-N52) -> 5 | P52: {=LET( player_row, $AC52, player_hcp, INDEX($E:$E, player_row), player_flight, INDEX($A:$A, player_row), player_team, INDEX($C:$C, player_row), current_hole, $B52, flight_number, VALUE(RIGHT(player_flight, LEN(player_flight) - 7)), pair_id, "F" & flight_number & "-" & player_team, pair_row, MATCH(pair_id, $I:$I, 0), is_mixed, INDEX($N:$N, pair_row), mixed_hcp_index, VLOOKUP(current_hole, Course!$A:$G, 7, FALSE), default_hcp_index, VLOOKUP(current_hole, Course!$A:$G, 3, FALSE), hole_hcp_index_to_use, IF(is_mixed, mixed_hcp_index, default_hcp_index), strokes, IF(player_hcp>=hole_hcp_index_to_use, 1, 0) + IF(player_hcp>=(18+hole_hcp_index_to_use), 1, 0), strokes )} -> 1 | Q52: =IF($M52=0,"",$M52-P52) -> 5 | R52: {=SUMIFS(Front9_Scores!$D:$D, Front9_Scores!$A:$A, $A52, Front9_Scores!$B:$B, INDEX($B:$B,$AD52), Front9_Scores!$C:$C, $B52)} -> 4 | S52: {=LET(player_hcp,INDEX($E:$E,$AD52),player_tee,INDEX($F:$F,$AD52),current_hole,$B52,hole_hcp_index,XLOOKUP(current_hole,Course!$A:$A,XLOOKUP(player_tee,Course!$D$1:$F$1,Course!$D:$F)),IF(player_hcp>=hole_hcp_index,1,0)+IF(player_hcp>=(18+hole_hcp_index),1,0))} -> 1 | T52: =IF(R52=0,"",R52-S52) -> 3 | U52: {=LET( player_row, $AD52, player_hcp, INDEX($E:$E, player_row), player_flight, INDEX($A:$A, player_row), player_team, INDEX($C:$C, player_row), current_hole, $B52, flight_number, VALUE(RIGHT(player_flight, LEN(player_flight) - 7)), pair_id, "F" & flight_number & "-" & player_team, pair_row, MATCH(pair_id, $I:$I, 0), is_mixed, INDEX($N:$N, pair_row), mixed_hcp_index, VLOOKUP(current_hole, Course!$A:$G, 7, FALSE), default_hcp_index, VLOOKUP(current_hole, Course!$A:$G, 3, FALSE), hole_hcp_index_to_use, IF(is_mixed, mixed_hcp_index, default_hcp_index), strokes, IF(player_hcp>=hole_hcp_index_to_use, 1, 0) + IF(player_hcp>=(18+hole_hcp_index_to_use), 1, 0), strokes )} -> 1 | V52: =IF($R52=0,"",$R52-U52) -> 3 | W52: =IF(COUNT(G52,L52,Q52,V52)<4,"",LET(Red_Best_Ball,MIN(G52,L52),Blue_Best_Ball,MIN(Q52,V52),IF(Red_Best_Ball<Blue_Best_Ball,"Red",IF(Blue_Best_Ball<Red_Best_Ball,"Blue","Tie")))) -> Red | X52: =IF(COUNT(E52,O52)<2,"",IF(E52<O52,"Red",IF(O52<E52,"Blue","Tie"))) -> Red | Y52: =IF(COUNT(J52,T52)<2,"",IF(J52<T52,"Red",IF(T52<J52,"Blue","Tie"))) -> Blue | Z52: =A52 -> Flight_2 | AA52: 8 | AB52: 9 | AC52: 6 | AD52: 7
A53: Flight_2 | B53: 7 | C53: {=SUMIFS(Front9_Scores!$D:$D, Front9_Scores!$A:$A, $A53, Front9_Scores!$B:$B, INDEX($B:$B,$AA53), Front9_Scores!$C:$C, $B53)} -> 3 | D53: {=LET(player_hcp,INDEX($E:$E,$AA53),player_tee,INDEX($F:$F,$AA53),current_hole,$B53,hole_hcp_index,XLOOKUP(current_hole,Course!$A:$A,XLOOKUP(player_tee,Course!$D$1:$F$1,Course!$D:$F)),IF(player_hcp>=hole_hcp_index,1,0)+IF(player_hcp>=(18+hole_hcp_index),1,0))} -> 0 | E53: =IF($C53=0,"",$C53-D53) -> 3 | F53: {=LET( player_row, $AA53, player_hcp, INDEX($E:$E, player_row), player_flight, INDEX($A:$A, player_row), player_team, INDEX($C:$C, player_row), current_hole, $B53, flight_number, VALUE(RIGHT(player_flight, LEN(player_flight) - 7)), pair_id, "F" & flight_number & "-" & player_team, pair_row, MATCH(pair_id, $I:$I, 0), is_mixed, INDEX($N:$N, pair_row), mixed_hcp_index, VLOOKUP(current_hole, Course!$A:$G, 7, FALSE), default_hcp_index, VLOOKUP(current_hole, Course!$A:$G, 3, FALSE), hole_hcp_index_to_use, IF(is_mixed, mixed_hcp_index, default_hcp_index), strokes, IF(player_hcp>=hole_hcp_index_to_use, 1, 0) + IF(player_hcp>=(18+hole_hcp_index_to_use), 1, 0), strokes )} -> 0 | G53: =IF($C53=0,"",$C53-F53) -> 3 | H53: {=SUMIFS(Front9_Scores!$D:$D, Front9_Scores!$A:$A, $A53, Front9_Scores!$B:$B, INDEX($B:$B,$AB53), Front9_Scores!$C:$C, $B53)} -> 4 | I53: {=LET(player_hcp,INDEX($E:$E,$AB53),player_tee,INDEX($F:$F,$AB53),current_hole,$B53,hole_hcp_index,XLOOKUP(current_hole,Course!$A:$A,XLOOKUP(player_tee,Course!$D$1:$F$1,Course!$D:$F)),IF(player_hcp>=hole_hcp_index,1,0)+IF(player_hcp>=(18+hole_hcp_index),1,0))} -> 0 | J53: =IF($H53=0,"",$H53-I53) -> 4 | K53: {=LET( player_row, $AB53, player_hcp, INDEX($E:$E, player_row), player_flight, INDEX($A:$A, player_row), player_team, INDEX($C:$C, player_row), current_hole, $B53, flight_number, VALUE(RIGHT(player_flight, LEN(player_flight) - 7)), pair_id, "F" & flight_number & "-" & player_team, pair_row, MATCH(pair_id, $I:$I, 0), is_mixed, INDEX($N:$N, pair_row), mixed_hcp_index, VLOOKUP(current_hole, Course!$A:$G, 7, FALSE), default_hcp_index, VLOOKUP(current_hole, Course!$A:$G, 3, FALSE), hole_hcp_index_to_use, IF(is_mixed, mixed_hcp_index, default_hcp_index), strokes, IF(player_hcp>=hole_hcp_index_to_use, 1, 0) + IF(player_hcp>=(18+hole_hcp_index_to_use), 1, 0), strokes )} -> 0 | L53: =IF($H53=0,"",$H53-K53) -> 4 | M53: {=SUMIFS(Front9_Scores!$D:$D, Front9_Scores!$A:$A, $A53, Front9_Scores!$B:$B, INDEX($B:$B,$AC53), Front9_Scores!$C:$C, $B53)} -> 4 | N53: {=LET(player_hcp,INDEX($E:$E,$AC53),player_tee,INDEX($F:$F,$AC53),current_hole,$B53,hole_hcp_index,XLOOKUP(current_hole,Course!$A:$A,XLOOKUP(player_tee,Course!$D$1:$F$1,Course!$D:$F)),IF(player_hcp>=hole_hcp_index,1,0)+IF(player_hcp>=(18+hole_hcp_index),1,0))} -> 1 | O53: =IF(M53=0,"",M53-N53) -> 3 | P53: {=LET( player_row, $AC53, player_hcp, INDEX($E:$E, player_row), player_flight, INDEX($A:$A, player_row), player_team, INDEX($C:$C, player_row), current_hole, $B53, flight_number, VALUE(RIGHT(player_flight, LEN(player_flight) - 7)), pair_id, "F" & flight_number & "-" & player_team, pair_row, MATCH(pair_id, $I:$I, 0), is_mixed, INDEX($N:$N, pair_row), mixed_hcp_index, VLOOKUP(current_hole, Course!$A:$G, 7, FALSE), default_hcp_index, VLOOKUP(current_hole, Course!$A:$G, 3, FALSE), hole_hcp_index_to_use, IF(is_mixed, mixed_hcp_index, default_hcp_index), strokes, IF(player_hcp>=hole_hcp_index_to_use, 1, 0) + IF(player_hcp>=(18+hole_hcp_index_to_use), 1, 0), strokes )} -> 1 | Q53: =IF($M53=0,"",$M53-P53) -> 3 | R53: {=SUMIFS(Front9_Scores!$D:$D, Front9_Scores!$A:$A, $A53, Front9_Scores!$B:$B, INDEX($B:$B,$AD53), Front9_Scores!$C:$C, $B53)} -> 3 | S53: {=LET(player_hcp,INDEX($E:$E,$AD53),player_tee,INDEX($F:$F,$AD53),current_hole,$B53,hole_hcp_index,XLOOKUP(current_hole,Course!$A:$A,XLOOKUP(player_tee,Course!$D$1:$F$1,Course!$D:$F)),IF(player_hcp>=hole_hcp_index,1,0)+IF(player_hcp>=(18+hole_hcp_index),1,0))} -> 0 | T53: =IF(R53=0,"",R53-S53) -> 3 | U53: {=LET( player_row, $AD53, player_hcp, INDEX($E:$E, player_row), player_flight, INDEX($A:$A, player_row), player_team, INDEX($C:$C, player_row), current_hole, $B53, flight_number, VALUE(RIGHT(player_flight, LEN(player_flight) - 7)), pair_id, "F" & flight_number & "-" & player_team, pair_row, MATCH(pair_id, $I:$I, 0), is_mixed, INDEX($N:$N, pair_row), mixed_hcp_index, VLOOKUP(current_hole, Course!$A:$G, 7, FALSE), default_hcp_index, VLOOKUP(current_hole, Course!$A:$G, 3, FALSE), hole_hcp_index_to_use, IF(is_mixed, mixed_hcp_index, default_hcp_index), strokes, IF(player_hcp>=hole_hcp_index_to_use, 1, 0) + IF(player_hcp>=(18+hole_hcp_index_to_use), 1, 0), strokes )} -> 0 | V53: =IF($R53=0,"",$R53-U53) -> 3 | W53: =IF(COUNT(G53,L53,Q53,V53)<4,"",LET(Red_Best_Ball,MIN(G53,L53),Blue_Best_Ball,MIN(Q53,V53),IF(Red_Best_Ball<Blue_Best_Ball,"Red",IF(Blue_Best_Ball<Red_Best_Ball,"Blue","Tie")))) -> Tie | X53: =IF(COUNT(E53,O53)<2,"",IF(E53<O53,"Red",IF(O53<E53,"Blue","Tie"))) -> Tie | Y53: =IF(COUNT(J53,T53)<2,"",IF(J53<T53,"Red",IF(T53<J53,"Blue","Tie"))) -> Blue | Z53: =A53 -> Flight_2 | AA53: 8 | AB53: 9 | AC53: 6 | AD53: 7
A54: Flight_2 | B54: 8 | C54: {=SUMIFS(Front9_Scores!$D:$D, Front9_Scores!$A:$A, $A54, Front9_Scores!$B:$B, INDEX($B:$B,$AA54), Front9_Scores!$C:$C, $B54)} -> 7 | D54: {=LET(player_hcp,INDEX($E:$E,$AA54),player_tee,INDEX($F:$F,$AA54),current_hole,$B54,hole_hcp_index,XLOOKUP(current_hole,Course!$A:$A,XLOOKUP(player_tee,Course!$D$1:$F$1,Course!$D:$F)),IF(player_hcp>=hole_hcp_index,1,0)+IF(player_hcp>=(18+hole_hcp_index),1,0))} -> 0 | E54: =IF($C54=0,"",$C54-D54) -> 7 | F54: {=LET( player_row, $AA54, player_hcp, INDEX($E:$E, player_row), player_flight, INDEX($A:$A, player_row), player_team, INDEX($C:$C, player_row), current_hole, $B54, flight_number, VALUE(RIGHT(player_flight, LEN(player_flight) - 7)), pair_id, "F" & flight_number & "-" & player_team, pair_row, MATCH(pair_id, $I:$I, 0), is_mixed, INDEX($N:$N, pair_row), mixed_hcp_index, VLOOKUP(current_hole, Course!$A:$G, 7, FALSE), default_hcp_index, VLOOKUP(current_hole, Course!$A:$G, 3, FALSE), hole_hcp_index_to_use, IF(is_mixed, mixed_hcp_index, default_hcp_index), strokes, IF(player_hcp>=hole_hcp_index_to_use, 1, 0) + IF(player_hcp>=(18+hole_hcp_index_to_use), 1, 0), strokes )} -> 0 | G54: =IF($C54=0,"",$C54-F54) -> 7 | H54: {=SUMIFS(Front9_Scores!$D:$D, Front9_Scores!$A:$A, $A54, Front9_Scores!$B:$B, INDEX($B:$B,$AB54), Front9_Scores!$C:$C, $B54)} -> 6 | I54: {=LET(player_hcp,INDEX($E:$E,$AB54),player_tee,INDEX($F:$F,$AB54),current_hole,$B54,hole_hcp_index,XLOOKUP(current_hole,Course!$A:$A,XLOOKUP(player_tee,Course!$D$1:$F$1,Course!$D:$F)),IF(player_hcp>=hole_hcp_index,1,0)+IF(player_hcp>=(18+hole_hcp_index),1,0))} -> 0 | J54: =IF($H54=0,"",$H54-I54) -> 6 | K54: {=LET( player_row, $AB54, player_hcp, INDEX($E:$E, player_row), player_flight, INDEX($A:$A, player_row), player_team, INDEX($C:$C, player_row), current_hole, $B54, flight_number, VALUE(RIGHT(player_flight, LEN(player_flight) - 7)), pair_id, "F" & flight_number & "-" & player_team, pair_row, MATCH(pair_id, $I:$I, 0), is_mixed, INDEX($N:$N, pair_row), mixed_hcp_index, VLOOKUP(current_hole, Course!$A:$G, 7, FALSE), default_hcp_index, VLOOKUP(current_hole, Course!$A:$G, 3, FALSE), hole_hcp_index_to_use, IF(is_mixed, mixed_hcp_index, default_hcp_index), strokes, IF(player_hcp>=hole_hcp_index_to_use, 1, 0) + IF(player_hcp>=(18+hole_hcp_index_to_use), 1, 0), strokes )} -> 0 | L54: =IF($H54=0,"",$H54-K54) -> 6 | M54: {=SUMIFS(Front9_Scores!$D:$D, Front9_Scores!$A:$A, $A54, Front9_Scores!$B:$B, INDEX($B:$B,$AC54), Front9_Scores!$C:$C, $B54)} -> 5 | N54: {=LET(player_hcp,INDEX($E:$E,$AC54),player_tee,INDEX($F:$F,$AC54),current_hole,$B54,hole_hcp_index,XLOOKUP(current_hole,Course!$A:$A,XLOOKUP(player_tee,Course!$D$1:$F$1,Course!$D:$F)),IF(player_hcp>=hole_hcp_index,1,0)+IF(player_hcp>=(18+hole_hcp_index),1,0))} -> 1 | O54: =IF(M54=0,"",M54-N54) -> 4 | P54: {=LET( player_row, $AC54, player_hcp, INDEX($E:$E, player_row), player_flight, INDEX($A:$A, player_row), player_team, INDEX($C:$C, player_row), current_hole, $B54, flight_number, VALUE(RIGHT(player_flight, LEN(player_flight) - 7)), pair_id, "F" & flight_number & "-" & player_team, pair_row, MATCH(pair_id, $I:$I, 0), is_mixed, INDEX($N:$N, pair_row), mixed_hcp_index, VLOOKUP(current_hole, Course!$A:$G, 7, FALSE), default_hcp_index, VLOOKUP(current_hole, Course!$A:$G, 3, FALSE), hole_hcp_index_to_use, IF(is_mixed, mixed_hcp_index, default_hcp_index), strokes, IF(player_hcp>=hole_hcp_index_to_use, 1, 0) + IF(player_hcp>=(18+hole_hcp_index_to_use), 1, 0), strokes )} -> 1 | Q54: =IF($M54=0,"",$M54-P54) -> 4 | R54: {=SUMIFS(Front9_Scores!$D:$D, Front9_Scores!$A:$A, $A54, Front9_Scores!$B:$B, INDEX($B:$B,$AD54), Front9_Scores!$C:$C, $B54)} -> 6 | S54: {=LET(player_hcp,INDEX($E:$E,$AD54),player_tee,INDEX($F:$F,$AD54),current_hole,$B54,hole_hcp_index,XLOOKUP(current_hole,Course!$A:$A,XLOOKUP(player_tee,Course!$D$1:$F$1,Course!$D:$F)),IF(player_hcp>=hole_hcp_index,1,0)+IF(player_hcp>=(18+hole_hcp_index),1,0))} -> 0 | T54: =IF(R54=0,"",R54-S54) -> 6 | U54: {=LET( player_row, $AD54, player_hcp, INDEX($E:$E, player_row), player_flight, INDEX($A:$A, player_row), player_team, INDEX($C:$C, player_row), current_hole, $B54, flight_number, VALUE(RIGHT(player_flight, LEN(player_flight) - 7)), pair_id, "F" & flight_number & "-" & player_team, pair_row, MATCH(pair_id, $I:$I, 0), is_mixed, INDEX($N:$N, pair_row), mixed_hcp_index, VLOOKUP(current_hole, Course!$A:$G, 7, FALSE), default_hcp_index, VLOOKUP(current_hole, Course!$A:$G, 3, FALSE), hole_hcp_index_to_use, IF(is_mixed, mixed_hcp_index, default_hcp_index), strokes, IF(player_hcp>=hole_hcp_index_to_use, 1, 0) + IF(player_hcp>=(18+hole_hcp_index_to_use), 1, 0), strokes )} -> 0 | V54: =IF($R54=0,"",$R54-U54) -> 6 | W54: =IF(COUNT(G54,L54,Q54,V54)<4,"",LET(Red_Best_Ball,MIN(G54,L54),Blue_Best_Ball,MIN(Q54,V54),IF(Red_Best_Ball<Blue_Best_Ball,"Red",IF(Blue_Best_Ball<Red_Best_Ball,"Blue","Tie")))) -> Blue | X54: =IF(COUNT(E54,O54)<2,"",IF(E54<O54,"Red",IF(O54<E54,"Blue","Tie"))) -> Blue | Y54: =IF(COUNT(J54,T54)<2,"",IF(J54<T54,"Red",IF(T54<J54,"Blue","Tie"))) -> Tie | Z54: =A54 -> Flight_2 | AA54: 8 | AB54: 9 | AC54: 6 | AD54: 7
A55: Flight_2 | B55: 9 | C55: {=SUMIFS(Front9_Scores!$D:$D, Front9_Scores!$A:$A, $A55, Front9_Scores!$B:$B, INDEX($B:$B,$AA55), Front9_Scores!$C:$C, $B55)} -> 6 | D55: {=LET(player_hcp,INDEX($E:$E,$AA55),player_tee,INDEX($F:$F,$AA55),current_hole,$B55,hole_hcp_index,XLOOKUP(current_hole,Course!$A:$A,XLOOKUP(player_tee,Course!$D$1:$F$1,Course!$D:$F)),IF(player_hcp>=hole_hcp_index,1,0)+IF(player_hcp>=(18+hole_hcp_index),1,0))} -> 1 | E55: =IF($C55=0,"",$C55-D55) -> 5 | F55: {=LET( player_row, $AA55, player_hcp, INDEX($E:$E, player_row), player_flight, INDEX($A:$A, player_row), player_team, INDEX($C:$C, player_row), current_hole, $B55, flight_number, VALUE(RIGHT(player_flight, LEN(player_flight) - 7)), pair_id, "F" & flight_number & "-" & player_team, pair_row, MATCH(pair_id, $I:$I, 0), is_mixed, INDEX($N:$N, pair_row), mixed_hcp_index, VLOOKUP(current_hole, Course!$A:$G, 7, FALSE), default_hcp_index, VLOOKUP(current_hole, Course!$A:$G, 3, FALSE), hole_hcp_index_to_use, IF(is_mixed, mixed_hcp_index, default_hcp_index), strokes, IF(player_hcp>=hole_hcp_index_to_use, 1, 0) + IF(player_hcp>=(18+hole_hcp_index_to_use), 1, 0), strokes )} -> 1 | G55: =IF($C55=0,"",$C55-F55) -> 5 | H55: {=SUMIFS(Front9_Scores!$D:$D, Front9_Scores!$A:$A, $A55, Front9_Scores!$B:$B, INDEX($B:$B,$AB55), Front9_Scores!$C:$C, $B55)} -> 5 | I55: {=LET(player_hcp,INDEX($E:$E,$AB55),player_tee,INDEX($F:$F,$AB55),current_hole,$B55,hole_hcp_index,XLOOKUP(current_hole,Course!$A:$A,XLOOKUP(player_tee,Course!$D$1:$F$1,Course!$D:$F)),IF(player_hcp>=hole_hcp_index,1,0)+IF(player_hcp>=(18+hole_hcp_index),1,0))} -> 1 | J55: =IF($H55=0,"",$H55-I55) -> 4 | K55: {=LET( player_row, $AB55, player_hcp, INDEX($E:$E, player_row), player_flight, INDEX($A:$A, player_row), player_team, INDEX($C:$C, player_row), current_hole, $B55, flight_number, VALUE(RIGHT(player_flight, LEN(player_flight) - 7)), pair_id, "F" & flight_number & "-" & player_team, pair_row, MATCH(pair_id, $I:$I, 0), is_mixed, INDEX($N:$N, pair_row), mixed_hcp_index, VLOOKUP(current_hole, Course!$A:$G, 7, FALSE), default_hcp_index, VLOOKUP(current_hole, Course!$A:$G, 3, FALSE), hole_hcp_index_to_use, IF(is_mixed, mixed_hcp_index, default_hcp_index), strokes, IF(player_hcp>=hole_hcp_index_to_use, 1, 0) + IF(player_hcp>=(18+hole_hcp_index_to_use), 1, 0), strokes )} -> 1 | L55: =IF($H55=0,"",$H55-K55) -> 4 | M55: {=SUMIFS(Front9_Scores!$D:$D, Front9_Scores!$A:$A, $A55, Front9_Scores!$B:$B, INDEX($B:$B,$AC55), Front9_Scores!$C:$C, $B55)} -> 6 | N55: {=LET(player_hcp,INDEX($E:$E,$AC55),player_tee,INDEX($F:$F,$AC55),current_hole,$B55,hole_hcp_index,XLOOKUP(current_hole,Course!$A:$A,XLOOKUP(player_tee,Course!$D$1:$F$1,Course!$D:$F)),IF(player_hcp>=hole_hcp_index,1,0)+IF(player_hcp>=(18+hole_hcp_index),1,0))} -> 1 | O55: =IF(M55=0,"",M55-N55) -> 5 | P55: {=LET( player_row, $AC55, player_hcp, INDEX($E:$E, player_row), player_flight, INDEX($A:$A, player_row), player_team, INDEX($C:$C, player_row), current_hole, $B55, flight_number, VALUE(RIGHT(player_flight, LEN(player_flight) - 7)), pair_id, "F" & flight_number & "-" & player_team, pair_row, MATCH(pair_id, $I:$I, 0), is_mixed, INDEX($N:$N, pair_row), mixed_hcp_index, VLOOKUP(current_hole, Course!$A:$G, 7, FALSE), default_hcp_index, VLOOKUP(current_hole, Course!$A:$G, 3, FALSE), hole_hcp_index_to_use, IF(is_mixed, mixed_hcp_index, default_hcp_index), strokes, IF(player_hcp>=hole_hcp_index_to_use, 1, 0) + IF(player_hcp>=(18+hole_hcp_index_to_use), 1, 0), strokes )} -> 1 | Q55: =IF($M55=0,"",$M55-P55) -> 5 | R55: {=SUMIFS(Front9_Scores!$D:$D, Front9_Scores!$A:$A, $A55, Front9_Scores!$B:$B, INDEX($B:$B,$AD55), Front9_Scores!$C:$C, $B55)} -> 5 | S55: {=LET(player_hcp,INDEX($E:$E,$AD55),player_tee,INDEX($F:$F,$AD55),current_hole,$B55,hole_hcp_index,XLOOKUP(current_hole,Course!$A:$A,XLOOKUP(player_tee,Course!$D$1:$F$1,Course!$D:$F)),IF(player_hcp>=hole_hcp_index,1,0)+IF(player_hcp>=(18+hole_hcp_index),1,0))} -> 1 | T55: =IF(R55=0,"",R55-S55) -> 4 | U55: {=LET( player_row, $AD55, player_hcp, INDEX($E:$E, player_row), player_flight, INDEX($A:$A, player_row), player_team, INDEX($C:$C, player_row), current_hole, $B55, flight_number, VALUE(RIGHT(player_flight, LEN(player_flight) - 7)), pair_id, "F" & flight_number & "-" & player_team, pair_row, MATCH(pair_id, $I:$I, 0), is_mixed, INDEX($N:$N, pair_row), mixed_hcp_index, VLOOKUP(current_hole, Course!$A:$G, 7, FALSE), default_hcp_index, VLOOKUP(current_hole, Course!$A:$G, 3, FALSE), hole_hcp_index_to_use, IF(is_mixed, mixed_hcp_index, default_hcp_index), strokes, IF(player_hcp>=hole_hcp_index_to_use, 1, 0) + IF(player_hcp>=(18+hole_hcp_index_to_use), 1, 0), strokes )} -> 1 | V55: =IF($R55=0,"",$R55-U55) -> 4 | W55: =IF(COUNT(G55,L55,Q55,V55)<4,"",LET(Red_Best_Ball,MIN(G55,L55),Blue_Best_Ball,MIN(Q55,V55),IF(Red_Best_Ball<Blue_Best_Ball,"Red",IF(Blue_Best_Ball<Red_Best_Ball,"Blue","Tie")))) -> Tie | X55: =IF(COUNT(E55,O55)<2,"",IF(E55<O55,"Red",IF(O55<E55,"Blue","Tie"))) -> Tie | Y55: =IF(COUNT(J55,T55)<2,"",IF(J55<T55,"Red",IF(T55<J55,"Blue","Tie"))) -> Tie | Z55: =A55 -> Flight_2 | AA55: 8 | AB55: 9 | AC55: 6 | AD55: 7
A57: Match | B57: Hole | C57: P1-Red-Gross | D57: P1-Red-Strokes_IND | E57: P1-Red-Net_IND | F57: P1-Red-Strokes_FB | G57: P1-Red-Net_FB | H57: P2-Red-Gross | I57: P2-Red-Strokes_IND | J57: P2-Red-Net_IND | K57: P2-Red-Strokes_FB | L57: P2-Red-Net_FB | M57: P1-Blue-Gross | N57: P1-Blue-Strokes_IND | O57: P1-Blue-Net_IND | P57: P1-Blue-Strokes_FB | Q57: P1-Blue-Net_FB | R57: P2-Blue-Gross | S57: P2-Blue-Strokes_IND | T57: P2-Blue-Net_IND | U57: P2-Blue-Strokes_FB | V57: P2-Blue-Net_FB | W57: FB-Winner | X57: I1-Winner | Y57: I2-Winner | Z57: Flight_ID | AA57: P1_Red_Row | AB57: P2_Red_Row | AC57: P1_Blue_Row | AD57: P2_Blue_Row
A58: Flight_3 | B58: 1 | C58: {=SUMIFS(Front9_Scores!$D:$D, Front9_Scores!$A:$A, $A58, Front9_Scores!$B:$B, INDEX($B:$B,$AA58), Front9_Scores!$C:$C, $B58)} -> 4 | D58: {=LET(player_hcp,INDEX($E:$E,$AA58),player_tee,INDEX($F:$F,$AA58),current_hole,$B58,hole_hcp_index,XLOOKUP(current_hole,Course!$A:$A,XLOOKUP(player_tee,Course!$D$1:$F$1,Course!$D:$F)),IF(player_hcp>=hole_hcp_index,1,0)+IF(player_hcp>=(18+hole_hcp_index),1,0))} -> 1 | E58: =IF($C58=0,"",$C58-D58) -> 3 | F58: {=LET( player_row, $AA58, player_hcp, INDEX($E:$E, player_row), player_flight, INDEX($A:$A, player_row), player_team, INDEX($C:$C, player_row), current_hole, $B58, flight_number, VALUE(RIGHT(player_flight, LEN(player_flight) - 7)), pair_id, "F" & flight_number & "-" & player_team, pair_row, MATCH(pair_id, $I:$I, 0), is_mixed, INDEX($N:$N, pair_row), mixed_hcp_index, VLOOKUP(current_hole, Course!$A:$G, 7, FALSE), default_hcp_index, VLOOKUP(current_hole, Course!$A:$G, 3, FALSE), hole_hcp_index_to_use, IF(is_mixed, mixed_hcp_index, default_hcp_index), strokes, IF(player_hcp>=hole_hcp_index_to_use, 1, 0) + IF(player_hcp>=(18+hole_hcp_index_to_use), 1, 0), strokes )} -> 1 | G58: =IF($C58=0,"",$C58-F58) -> 3 | H58: {=SUMIFS(Front9_Scores!$D:$D, Front9_Scores!$A:$A, $A58, Front9_Scores!$B:$B, INDEX($B:$B,$AB58), Front9_Scores!$C:$C, $B58)} -> 5 | I58: {=LET(player_hcp,INDEX($E:$E,$AB58),player_tee,INDEX($F:$F,$AB58),current_hole,$B58,hole_hcp_index,XLOOKUP(current_hole,Course!$A:$A,XLOOKUP(player_tee,Course!$D$1:$F$1,Course!$D:$F)),IF(player_hcp>=hole_hcp_index,1,0)+IF(player_hcp>=(18+hole_hcp_index),1,0))} -> 1 | J58: =IF($H58=0,"",$H58-I58) -> 4 | K58: {=LET( player_row, $AB58, player_hcp, INDEX($E:$E, player_row), player_flight, INDEX($A:$A, player_row), player_team, INDEX($C:$C, player_row), current_hole, $B58, flight_number, VALUE(RIGHT(player_flight, LEN(player_flight) - 7)), pair_id, "F" & flight_number & "-" & player_team, pair_row, MATCH(pair_id, $I:$I, 0), is_mixed, INDEX($N:$N, pair_row), mixed_hcp_index, VLOOKUP(current_hole, Course!$A:$G, 7, FALSE), default_hcp_index, VLOOKUP(current_hole, Course!$A:$G, 3, FALSE), hole_hcp_index_to_use, IF(is_mixed, mixed_hcp_index, default_hcp_index), strokes, IF(player_hcp>=hole_hcp_index_to_use, 1, 0) + IF(player_hcp>=(18+hole_hcp_index_to_use), 1, 0), strokes )} -> 1 | L58: =IF($H58=0,"",$H58-K58) -> 4 | M58: {=SUMIFS(Front9_Scores!$D:$D, Front9_Scores!$A:$A, $A58, Front9_Scores!$B:$B, INDEX($B:$B,$AC58), Front9_Scores!$C:$C, $B58)} -> 7 | N58: {=LET(player_hcp,INDEX($E:$E,$AC58),player_tee,INDEX($F:$F,$AC58),current_hole,$B58,hole_hcp_index,XLOOKUP(current_hole,Course!$A:$A,XLOOKUP(player_tee,Course!$D$1:$F$1,Course!$D:$F)),IF(player_hcp>=hole_hcp_index,1,0)+IF(player_hcp>=(18+hole_hcp_index),1,0))} -> 1 | O58: =IF(M58=0,"",M58-N58) -> 6 | P58: {=LET( player_row, $AC58, player_hcp, INDEX($E:$E, player_row), player_flight, INDEX($A:$A, player_row), player_team, INDEX($C:$C, player_row), current_hole, $B58, flight_number, VALUE(RIGHT(player_flight, LEN(player_flight) - 7)), pair_id, "F" & flight_number & "-" & player_team, pair_row, MATCH(pair_id, $I:$I, 0), is_mixed, INDEX($N:$N, pair_row), mixed_hcp_index, VLOOKUP(current_hole, Course!$A:$G, 7, FALSE), default_hcp_index, VLOOKUP(current_hole, Course!$A:$G, 3, FALSE), hole_hcp_index_to_use, IF(is_mixed, mixed_hcp_index, default_hcp_index), strokes, IF(player_hcp>=hole_hcp_index_to_use, 1, 0) + IF(player_hcp>=(18+hole_hcp_index_to_use), 1, 0), strokes )} -> 1 | Q58: =IF($M58=0,"",$M58-P58) -> 6 | R58: {=SUMIFS(Front9_Scores!$D:$D, Front9_Scores!$A:$A, $A58, Front9_Scores!$B:$B, INDEX($B:$B,$AD58), Front9_Scores!$C:$C, $B58)} -> 6 | S58: {=LET(player_hcp,INDEX($E:$E,$AD58),player_tee,INDEX($F:$F,$AD58),current_hole,$B58,hole_hcp_index,XLOOKUP(current_hole,Course!$A:$A,XLOOKUP(player_tee,Course!$D$1:$F$1,Course!$D:$F)),IF(player_hcp>=hole_hcp_index,1,0)+IF(player_hcp>=(18+hole_hcp_index),1,0))} -> 1 | T58: =IF(R58=0,"",R58-S58) -> 5 | U58: {=LET( player_row, $AD58, player_hcp, INDEX($E:$E, player_row), player_flight, INDEX($A:$A, player_row), player_team, INDEX($C:$C, player_row), current_hole, $B58, flight_number, VALUE(RIGHT(player_flight, LEN(player_flight) - 7)), pair_id, "F" & flight_number & "-" & player_team, pair_row, MATCH(pair_id, $I:$I, 0), is_mixed, INDEX($N:$N, pair_row), mixed_hcp_index, VLOOKUP(current_hole, Course!$A:$G, 7, FALSE), default_hcp_index, VLOOKUP(current_hole, Course!$A:$G, 3, FALSE), hole_hcp_index_to_use, IF(is_mixed, mixed_hcp_index, default_hcp_index), strokes, IF(player_hcp>=hole_hcp_index_to_use, 1, 0) + IF(player_hcp>=(18+hole_hcp_index_to_use), 1, 0), strokes )} -> 1 | V58: =IF($R58=0,"",$R58-U58) -> 5 | W58: =IF(COUNT(G58,L58,Q58,V58)<4,"",LET(Red_Best_Ball,MIN(G58,L58),Blue_Best_Ball,MIN(Q58,V58),IF(Red_Best_Ball<Blue_Best_Ball,"Red",IF(Blue_Best_Ball<Red_Best_Ball,"Blue","Tie")))) -> Red | X58: =IF(COUNT(E58,O58)<2,"",IF(E58<O58,"Red",IF(O58<E58,"Blue","Tie"))) -> Red | Y58: =IF(COUNT(J58,T58)<2,"",IF(J58<T58,"Red",IF(T58<J58,"Blue","Tie"))) -> Red | Z58: =A58 -> Flight_3 | AA58: 12 | AB58: 13 | AC58: 10 | AD58: 11
A59: Flight_3 | B59: 2 | C59: {=SUMIFS(Front9_Scores!$D:$D, Front9_Scores!$A:$A, $A59, Front9_Scores!$B:$B, INDEX($B:$B,$AA59), Front9_Scores!$C:$C, $B59)} -> 5 | D59: {=LET(player_hcp,INDEX($E:$E,$AA59),player_tee,INDEX($F:$F,$AA59),current_hole,$B59,hole_hcp_index,XLOOKUP(current_hole,Course!$A:$A,XLOOKUP(player_tee,Course!$D$1:$F$1,Course!$D:$F)),IF(player_hcp>=hole_hcp_index,1,0)+IF(player_hcp>=(18+hole_hcp_index),1,0))} -> 1 | E59: =IF($C59=0,"",$C59-D59) -> 4 | F59: {=LET( player_row, $AA59, player_hcp, INDEX($E:$E, player_row), player_flight, INDEX($A:$A, player_row), player_team, INDEX($C:$C, player_row), current_hole, $B59, flight_number, VALUE(RIGHT(player_flight, LEN(player_flight) - 7)), pair_id, "F" & flight_number & "-" & player_team, pair_row, MATCH(pair_id, $I:$I, 0), is_mixed, INDEX($N:$N, pair_row), mixed_hcp_index, VLOOKUP(current_hole, Course!$A:$G, 7, FALSE), default_hcp_index, VLOOKUP(current_hole, Course!$A:$G, 3, FALSE), hole_hcp_index_to_use, IF(is_mixed, mixed_hcp_index, default_hcp_index), strokes, IF(player_hcp>=hole_hcp_index_to_use, 1, 0) + IF(player_hcp>=(18+hole_hcp_index_to_use), 1, 0), strokes )} -> 1 | G59: =IF($C59=0,"",$C59-F59) -> 4 | H59: {=SUMIFS(Front9_Scores!$D:$D, Front9_Scores!$A:$A, $A59, Front9_Scores!$B:$B, INDEX($B:$B,$AB59), Front9_Scores!$C:$C, $B59)} -> 5 | I59: {=LET(player_hcp,INDEX($E:$E,$AB59),player_tee,INDEX($F:$F,$AB59),current_hole,$B59,hole_hcp_index,XLOOKUP(current_hole,Course!$A:$A,XLOOKUP(player_tee,Course!$D$1:$F$1,Course!$D:$F)),IF(player_hcp>=hole_hcp_index,1,0)+IF(player_hcp>=(18+hole_hcp_index),1,0))} -> 1 | J59: =IF($H59=0,"",$H59-I59) -> 4 | K59: {=LET( player_row, $AB59, player_hcp, INDEX($E:$E, player_row), player_flight, INDEX($A:$A, player_row), player_team, INDEX($C:$C, player_row), current_hole, $B59, flight_number, VALUE(RIGHT(player_flight, LEN(player_flight) - 7)), pair_id, "F" & flight_number & "-" & player_team, pair_row, MATCH(pair_id, $I:$I, 0), is_mixed, INDEX($N:$N, pair_row), mixed_hcp_index, VLOOKUP(current_hole, Course!$A:$G, 7, FALSE), default_hcp_index, VLOOKUP(current_hole, Course!$A:$G, 3, FALSE), hole_hcp_index_to_use, IF(is_mixed, mixed_hcp_index, default_hcp_index), strokes, IF(player_hcp>=hole_hcp_index_to_use, 1, 0) + IF(player_hcp>=(18+hole_hcp_index_to_use), 1, 0), strokes )} -> 1 | L59: =IF($H59=0,"",$H59-K59) -> 4 | M59: {=SUMIFS(Front9_Scores!$D:$D, Front9_Scores!$A:$A, $A59, Front9_Scores!$B:$B, INDEX($B:$B,$AC59), Front9_Scores!$C:$C, $B59)} -> 6 | N59: {=LET(player_hcp,INDEX($E:$E,$AC59),player_tee,INDEX($F:$F,$AC59),current_hole,$B59,hole_hcp_index,XLOOKUP(current_hole,Course!$A:$A,XLOOKUP(player_tee,Course!$D$1:$F$1,Course!$D:$F)),IF(player_hcp>=hole_hcp_index,1,0)+IF(player_hcp>=(18+hole_hcp_index),1,0))} -> 1 | O59: =IF(M59=0,"",M59-N59) -> 5 | P59: {=LET( player_row, $AC59, player_hcp, INDEX($E:$E, player_row), player_flight, INDEX($A:$A, player_row), player_team, INDEX($C:$C, player_row), current_hole, $B59, flight_number, VALUE(RIGHT(player_flight, LEN(player_flight) - 7)), pair_id, "F" & flight_number & "-" & player_team, pair_row, MATCH(pair_id, $I:$I, 0), is_mixed, INDEX($N:$N, pair_row), mixed_hcp_index, VLOOKUP(current_hole, Course!$A:$G, 7, FALSE), default_hcp_index, VLOOKUP(current_hole, Course!$A:$G, 3, FALSE), hole_hcp_index_to_use, IF(is_mixed, mixed_hcp_index, default_hcp_index), strokes, IF(player_hcp>=hole_hcp_index_to_use, 1, 0) + IF(player_hcp>=(18+hole_hcp_index_to_use), 1, 0), strokes )} -> 1 | Q59: =IF($M59=0,"",$M59-P59) -> 5 | R59: {=SUMIFS(Front9_Scores!$D:$D, Front9_Scores!$A:$A, $A59, Front9_Scores!$B:$B, INDEX($B:$B,$AD59), Front9_Scores!$C:$C, $B59)} -> 6 | S59: {=LET(player_hcp,INDEX($E:$E,$AD59),player_tee,INDEX($F:$F,$AD59),current_hole,$B59,hole_hcp_index,XLOOKUP(current_hole,Course!$A:$A,XLOOKUP(player_tee,Course!$D$1:$F$1,Course!$D:$F)),IF(player_hcp>=hole_hcp_index,1,0)+IF(player_hcp>=(18+hole_hcp_index),1,0))} -> 1 | T59: =IF(R59=0,"",R59-S59) -> 5 | U59: {=LET( player_row, $AD59, player_hcp, INDEX($E:$E, player_row), player_flight, INDEX($A:$A, player_row), player_team, INDEX($C:$C, player_row), current_hole, $B59, flight_number, VALUE(RIGHT(player_flight, LEN(player_flight) - 7)), pair_id, "F" & flight_number & "-" & player_team, pair_row, MATCH(pair_id, $I:$I, 0), is_mixed, INDEX($N:$N, pair_row), mixed_hcp_index, VLOOKUP(current_hole, Course!$A:$G, 7, FALSE), default_hcp_index, VLOOKUP(current_hole, Course!$A:$G, 3, FALSE), hole_hcp_index_to_use, IF(is_mixed, mixed_hcp_index, default_hcp_index), strokes, IF(player_hcp>=hole_hcp_index_to_use, 1, 0) + IF(player_hcp>=(18+hole_hcp_index_to_use), 1, 0), strokes )} -> 1 | V59: =IF($R59=0,"",$R59-U59) -> 5 | W59: =IF(COUNT(G59,L59,Q59,V59)<4,"",LET(Red_Best_Ball,MIN(G59,L59),Blue_Best_Ball,MIN(Q59,V59),IF(Red_Best_Ball<Blue_Best_Ball,"Red",IF(Blue_Best_Ball<Red_Best_Ball,"Blue","Tie")))) -> Red | X59: =IF(COUNT(E59,O59)<2,"",IF(E59<O59,"Red",IF(O59<E59,"Blue","Tie"))) -> Red | Y59: =IF(COUNT(J59,T59)<2,"",IF(J59<T59,"Red",IF(T59<J59,"Blue","Tie"))) -> Red | Z59: =A59 -> Flight_3 | AA59: 12 | AB59: 13 | AC59: 10 | AD59: 11
A60: Flight_3 | B60: 3 | C60: {=SUMIFS(Front9_Scores!$D:$D, Front9_Scores!$A:$A, $A60, Front9_Scores!$B:$B, INDEX($B:$B,$AA60), Front9_Scores!$C:$C, $B60)} -> 4 | D60: {=LET(player_hcp,INDEX($E:$E,$AA60),player_tee,INDEX($F:$F,$AA60),current_hole,$B60,hole_hcp_index,XLOOKUP(current_hole,Course!$A:$A,XLOOKUP(player_tee,Course!$D$1:$F$1,Course!$D:$F)),IF(player_hcp>=hole_hcp_index,1,0)+IF(player_hcp>=(18+hole_hcp_index),1,0))} -> 0 | E60: =IF($C60=0,"",$C60-D60) -> 4 | F60: {=LET( player_row, $AA60, player_hcp, INDEX($E:$E, player_row), player_flight, INDEX($A:$A, player_row), player_team, INDEX($C:$C, player_row), current_hole, $B60, flight_number, VALUE(RIGHT(player_flight, LEN(player_flight) - 7)), pair_id, "F" & flight_number & "-" & player_team, pair_row, MATCH(pair_id, $I:$I, 0), is_mixed, INDEX($N:$N, pair_row), mixed_hcp_index, VLOOKUP(current_hole, Course!$A:$G, 7, FALSE), default_hcp_index, VLOOKUP(current_hole, Course!$A:$G, 3, FALSE), hole_hcp_index_to_use, IF(is_mixed, mixed_hcp_index, default_hcp_index), strokes, IF(player_hcp>=hole_hcp_index_to_use, 1, 0) + IF(player_hcp>=(18+hole_hcp_index_to_use), 1, 0), strokes )} -> 0 | G60: =IF($C60=0,"",$C60-F60) -> 4 | H60: {=SUMIFS(Front9_Scores!$D:$D, Front9_Scores!$A:$A, $A60, Front9_Scores!$B:$B, INDEX($B:$B,$AB60), Front9_Scores!$C:$C, $B60)} -> 5 | I60: {=LET(player_hcp,INDEX($E:$E,$AB60),player_tee,INDEX($F:$F,$AB60),current_hole,$B60,hole_hcp_index,XLOOKUP(current_hole,Course!$A:$A,XLOOKUP(player_tee,Course!$D$1:$F$1,Course!$D:$F)),IF(player_hcp>=hole_hcp_index,1,0)+IF(player_hcp>=(18+hole_hcp_index),1,0))} -> 0 | J60: =IF($H60=0,"",$H60-I60) -> 5 | K60: {=LET( player_row, $AB60, player_hcp, INDEX($E:$E, player_row), player_flight, INDEX($A:$A, player_row), player_team, INDEX($C:$C, player_row), current_hole, $B60, flight_number, VALUE(RIGHT(player_flight, LEN(player_flight) - 7)), pair_id, "F" & flight_number & "-" & player_team, pair_row, MATCH(pair_id, $I:$I, 0), is_mixed, INDEX($N:$N, pair_row), mixed_hcp_index, VLOOKUP(current_hole, Course!$A:$G, 7, FALSE), default_hcp_index, VLOOKUP(current_hole, Course!$A:$G, 3, FALSE), hole_hcp_index_to_use, IF(is_mixed, mixed_hcp_index, default_hcp_index), strokes, IF(player_hcp>=hole_hcp_index_to_use, 1, 0) + IF(player_hcp>=(18+hole_hcp_index_to_use), 1, 0), strokes )} -> 0 | L60: =IF($H60=0,"",$H60-K60) -> 5 | M60: {=SUMIFS(Front9_Scores!$D:$D, Front9_Scores!$A:$A, $A60, Front9_Scores!$B:$B, INDEX($B:$B,$AC60), Front9_Scores!$C:$C, $B60)} -> 5 | N60: {=LET(player_hcp,INDEX($E:$E,$AC60),player_tee,INDEX($F:$F,$AC60),current_hole,$B60,hole_hcp_index,XLOOKUP(current_hole,Course!$A:$A,XLOOKUP(player_tee,Course!$D$1:$F$1,Course!$D:$F)),IF(player_hcp>=hole_hcp_index,1,0)+IF(player_hcp>=(18+hole_hcp_index),1,0))} -> 0 | O60: =IF(M60=0,"",M60-N60) -> 5 | P60: {=LET( player_row, $AC60, player_hcp, INDEX($E:$E, player_row), player_flight, INDEX($A:$A, player_row), player_team, INDEX($C:$C, player_row), current_hole, $B60, flight_number, VALUE(RIGHT(player_flight, LEN(player_flight) - 7)), pair_id, "F" & flight_number & "-" & player_team, pair_row, MATCH(pair_id, $I:$I, 0), is_mixed, INDEX($N:$N, pair_row), mixed_hcp_index, VLOOKUP(current_hole, Course!$A:$G, 7, FALSE), default_hcp_index, VLOOKUP(current_hole, Course!$A:$G, 3, FALSE), hole_hcp_index_to_use, IF(is_mixed, mixed_hcp_index, default_hcp_index), strokes, IF(player_hcp>=hole_hcp_index_to_use, 1, 0) + IF(player_hcp>=(18+hole_hcp_index_to_use), 1, 0), strokes )} -> 0 | Q60: =IF($M60=0,"",$M60-P60) -> 5 | R60: {=SUMIFS(Front9_Scores!$D:$D, Front9_Scores!$A:$A, $A60, Front9_Scores!$B:$B, INDEX($B:$B,$AD60), Front9_Scores!$C:$C, $B60)} -> 5 | S60: {=LET(player_hcp,INDEX($E:$E,$AD60),player_tee,INDEX($F:$F,$AD60),current_hole,$B60,hole_hcp_index,XLOOKUP(current_hole,Course!$A:$A,XLOOKUP(player_tee,Course!$D$1:$F$1,Course!$D:$F)),IF(player_hcp>=hole_hcp_index,1,0)+IF(player_hcp>=(18+hole_hcp_index),1,0))} -> 0 | T60: =IF(R60=0,"",R60-S60) -> 5 | U60: {=LET( player_row, $AD60, player_hcp, INDEX($E:$E, player_row), player_flight, INDEX($A:$A, player_row), player_team, INDEX($C:$C, player_row), current_hole, $B60, flight_number, VALUE(RIGHT(player_flight, LEN(player_flight) - 7)), pair_id, "F" & flight_number & "-" & player_team, pair_row, MATCH(pair_id, $I:$I, 0), is_mixed, INDEX($N:$N, pair_row), mixed_hcp_index, VLOOKUP(current_hole, Course!$A:$G, 7, FALSE), default_hcp_index, VLOOKUP(current_hole, Course!$A:$G, 3, FALSE), hole_hcp_index_to_use, IF(is_mixed, mixed_hcp_index, default_hcp_index), strokes, IF(player_hcp>=hole_hcp_index_to_use, 1, 0) + IF(player_hcp>=(18+hole_hcp_index_to_use), 1, 0), strokes )} -> 0 | V60: =IF($R60=0,"",$R60-U60) -> 5 | W60: =IF(COUNT(G60,L60,Q60,V60)<4,"",LET(Red_Best_Ball,MIN(G60,L60),Blue_Best_Ball,MIN(Q60,V60),IF(Red_Best_Ball<Blue_Best_Ball,"Red",IF(Blue_Best_Ball<Red_Best_Ball,"Blue","Tie")))) -> Red | X60: =IF(COUNT(E60,O60)<2,"",IF(E60<O60,"Red",IF(O60<E60,"Blue","Tie"))) -> Red | Y60: =IF(COUNT(J60,T60)<2,"",IF(J60<T60,"Red",IF(T60<J60,"Blue","Tie"))) -> Tie | Z60: =A60 -> Flight_3 | AA60: 12 | AB60: 13 | AC60: 10 | AD60: 11
A61: Flight_3 | B61: 4 | C61: {=SUMIFS(Front9_Scores!$D:$D, Front9_Scores!$A:$A, $A61, Front9_Scores!$B:$B, INDEX($B:$B,$AA61), Front9_Scores!$C:$C, $B61)} -> 3 | D61: {=LET(player_hcp,INDEX($E:$E,$AA61),player_tee,INDEX($F:$F,$AA61),current_hole,$B61,hole_hcp_index,XLOOKUP(current_hole,Course!$A:$A,XLOOKUP(player_tee,Course!$D$1:$F$1,Course!$D:$F)),IF(player_hcp>=hole_hcp_index,1,0)+IF(player_hcp>=(18+hole_hcp_index),1,0))} -> 0 | E61: =IF($C61=0,"",$C61-D61) -> 3 | F61: {=LET( player_row, $AA61, player_hcp, INDEX($E:$E, player_row), player_flight, INDEX($A:$A, player_row), player_team, INDEX($C:$C, player_row), current_hole, $B61, flight_number, VALUE(RIGHT(player_flight, LEN(player_flight) - 7)), pair_id, "F" & flight_number & "-" & player_team, pair_row, MATCH(pair_id, $I:$I, 0), is_mixed, INDEX($N:$N, pair_row), mixed_hcp_index, VLOOKUP(current_hole, Course!$A:$G, 7, FALSE), default_hcp_index, VLOOKUP(current_hole, Course!$A:$G, 3, FALSE), hole_hcp_index_to_use, IF(is_mixed, mixed_hcp_index, default_hcp_index), strokes, IF(player_hcp>=hole_hcp_index_to_use, 1, 0) + IF(player_hcp>=(18+hole_hcp_index_to_use), 1, 0), strokes )} -> 0 | G61: =IF($C61=0,"",$C61-F61) -> 3 | H61: {=SUMIFS(Front9_Scores!$D:$D, Front9_Scores!$A:$A, $A61, Front9_Scores!$B:$B, INDEX($B:$B,$AB61), Front9_Scores!$C:$C, $B61)} -> 5 | I61: {=LET(player_hcp,INDEX($E:$E,$AB61),player_tee,INDEX($F:$F,$AB61),current_hole,$B61,hole_hcp_index,XLOOKUP(current_hole,Course!$A:$A,XLOOKUP(player_tee,Course!$D$1:$F$1,Course!$D:$F)),IF(player_hcp>=hole_hcp_index,1,0)+IF(player_hcp>=(18+hole_hcp_index),1,0))} -> 0 | J61: =IF($H61=0,"",$H61-I61) -> 5 | K61: {=LET( player_row, $AB61, player_hcp, INDEX($E:$E, player_row), player_flight, INDEX($A:$A, player_row), player_team, INDEX($C:$C, player_row), current_hole, $B61, flight_number, VALUE(RIGHT(player_flight, LEN(player_flight) - 7)), pair_id, "F" & flight_number & "-" & player_team, pair_row, MATCH(pair_id, $I:$I, 0), is_mixed, INDEX($N:$N, pair_row), mixed_hcp_index, VLOOKUP(current_hole, Course!$A:$G, 7, FALSE), default_hcp_index, VLOOKUP(current_hole, Course!$A:$G, 3, FALSE), hole_hcp_index_to_use, IF(is_mixed, mixed_hcp_index, default_hcp_index), strokes, IF(player_hcp>=hole_hcp_index_to_use, 1, 0) + IF(player_hcp>=(18+hole_hcp_index_to_use), 1, 0), strokes )} -> 0 | L61: =IF($H61=0,"",$H61-K61) -> 5 | M61: {=SUMIFS(Front9_Scores!$D:$D, Front9_Scores!$A:$A, $A61, Front9_Scores!$B:$B, INDEX($B:$B,$AC61), Front9_Scores!$C:$C, $B61)} -> 5 | N61: {=LET(player_hcp,INDEX($E:$E,$AC61),player_tee,INDEX($F:$F,$AC61),current_hole,$B61,hole_hcp_index,XLOOKUP(current_hole,Course!$A:$A,XLOOKUP(player_tee,Course!$D$1:$F$1,Course!$D:$F)),IF(player_hcp>=hole_hcp_index,1,0)+IF(player_hcp>=(18+hole_hcp_index),1,0))} -> 0 | O61: =IF(M61=0,"",M61-N61) -> 5 | P61: {=LET( player_row, $AC61, player_hcp, INDEX($E:$E, player_row), player_flight, INDEX($A:$A, player_row), player_team, INDEX($C:$C, player_row), current_hole, $B61, flight_number, VALUE(RIGHT(player_flight, LEN(player_flight) - 7)), pair_id, "F" & flight_number & "-" & player_team, pair_row, MATCH(pair_id, $I:$I, 0), is_mixed, INDEX($N:$N, pair_row), mixed_hcp_index, VLOOKUP(current_hole, Course!$A:$G, 7, FALSE), default_hcp_index, VLOOKUP(current_hole, Course!$A:$G, 3, FALSE), hole_hcp_index_to_use, IF(is_mixed, mixed_hcp_index, default_hcp_index), strokes, IF(player_hcp>=hole_hcp_index_to_use, 1, 0) + IF(player_hcp>=(18+hole_hcp_index_to_use), 1, 0), strokes )} -> 0 | Q61: =IF($M61=0,"",$M61-P61) -> 5 | R61: {=SUMIFS(Front9_Scores!$D:$D, Front9_Scores!$A:$A, $A61, Front9_Scores!$B:$B, INDEX($B:$B,$AD61), Front9_Scores!$C:$C, $B61)} -> 6 | S61: {=LET(player_hcp,INDEX($E:$E,$AD61),player_tee,INDEX($F:$F,$AD61),current_hole,$B61,hole_hcp_index,XLOOKUP(current_hole,Course!$A:$A,XLOOKUP(player_tee,Course!$D$1:$F$1,Course!$D:$F)),IF(player_hcp>=hole_hcp_index,1,0)+IF(player_hcp>=(18+hole_hcp_index),1,0))} -> 1 | T61: =IF(R61=0,"",R61-S61) -> 5 | U61: {=LET( player_row, $AD61, player_hcp, INDEX($E:$E, player_row), player_flight, INDEX($A:$A, player_row), player_team, INDEX($C:$C, player_row), current_hole, $B61, flight_number, VALUE(RIGHT(player_flight, LEN(player_flight) - 7)), pair_id, "F" & flight_number & "-" & player_team, pair_row, MATCH(pair_id, $I:$I, 0), is_mixed, INDEX($N:$N, pair_row), mixed_hcp_index, VLOOKUP(current_hole, Course!$A:$G, 7, FALSE), default_hcp_index, VLOOKUP(current_hole, Course!$A:$G, 3, FALSE), hole_hcp_index_to_use, IF(is_mixed, mixed_hcp_index, default_hcp_index), strokes, IF(player_hcp>=hole_hcp_index_to_use, 1, 0) + IF(player_hcp>=(18+hole_hcp_index_to_use), 1, 0), strokes )} -> 1 | V61: =IF($R61=0,"",$R61-U61) -> 5 | W61: =IF(COUNT(G61,L61,Q61,V61)<4,"",LET(Red_Best_Ball,MIN(G61,L61),Blue_Best_Ball,MIN(Q61,V61),IF(Red_Best_Ball<Blue_Best_Ball,"Red",IF(Blue_Best_Ball<Red_Best_Ball,"Blue","Tie")))) -> Red | X61: =IF(COUNT(E61,O61)<2,"",IF(E61<O61,"Red",IF(O61<E61,"Blue","Tie"))) -> Red | Y61: =IF(COUNT(J61,T61)<2,"",IF(J61<T61,"Red",IF(T61<J61,"Blue","Tie"))) -> Tie | Z61: =A61 -> Flight_3 | AA61: 12 | AB61: 13 | AC61: 10 | AD61: 11
A62: Flight_3 | B62: 5 | C62: {=SUMIFS(Front9_Scores!$D:$D, Front9_Scores!$A:$A, $A62, Front9_Scores!$B:$B, INDEX($B:$B,$AA62), Front9_Scores!$C:$C, $B62)} -> 4 | D62: {=LET(player_hcp,INDEX($E:$E,$AA62),player_tee,INDEX($F:$F,$AA62),current_hole,$B62,hole_hcp_index,XLOOKUP(current_hole,Course!$A:$A,XLOOKUP(player_tee,Course!$D$1:$F$1,Course!$D:$F)),IF(player_hcp>=hole_hcp_index,1,0)+IF(player_hcp>=(18+hole_hcp_index),1,0))} -> 1 | E62: =IF($C62=0,"",$C62-D62) -> 3 | F62: {=LET( player_row, $AA62, player_hcp, INDEX($E:$E, player_row), player_flight, INDEX($A:$A, player_row), player_team, INDEX($C:$C, player_row), current_hole, $B62, flight_number, VALUE(RIGHT(player_flight, LEN(player_flight) - 7)), pair_id, "F" & flight_number & "-" & player_team, pair_row, MATCH(pair_id, $I:$I, 0), is_mixed, INDEX($N:$N, pair_row), mixed_hcp_index, VLOOKUP(current_hole, Course!$A:$G, 7, FALSE), default_hcp_index, VLOOKUP(current_hole, Course!$A:$G, 3, FALSE), hole_hcp_index_to_use, IF(is_mixed, mixed_hcp_index, default_hcp_index), strokes, IF(player_hcp>=hole_hcp_index_to_use, 1, 0) + IF(player_hcp>=(18+hole_hcp_index_to_use), 1, 0), strokes )} -> 1 | G62: =IF($C62=0,"",$C62-F62) -> 3 | H62: {=SUMIFS(Front9_Scores!$D:$D, Front9_Scores!$A:$A, $A62, Front9_Scores!$B:$B, INDEX($B:$B,$AB62), Front9_Scores!$C:$C, $B62)} -> 4 | I62: {=LET(player_hcp,INDEX($E:$E,$AB62),player_tee,INDEX($F:$F,$AB62),current_hole,$B62,hole_hcp_index,XLOOKUP(current_hole,Course!$A:$A,XLOOKUP(player_tee,Course!$D$1:$F$1,Course!$D:$F)),IF(player_hcp>=hole_hcp_index,1,0)+IF(player_hcp>=(18+hole_hcp_index),1,0))} -> 1 | J62: =IF($H62=0,"",$H62-I62) -> 3 | K62: {=LET( player_row, $AB62, player_hcp, INDEX($E:$E, player_row), player_flight, INDEX($A:$A, player_row), player_team, INDEX($C:$C, player_row), current_hole, $B62, flight_number, VALUE(RIGHT(player_flight, LEN(player_flight) - 7)), pair_id, "F" & flight_number & "-" & player_team, pair_row, MATCH(pair_id, $I:$I, 0), is_mixed, INDEX($N:$N, pair_row), mixed_hcp_index, VLOOKUP(current_hole, Course!$A:$G, 7, FALSE), default_hcp_index, VLOOKUP(current_hole, Course!$A:$G, 3, FALSE), hole_hcp_index_to_use, IF(is_mixed, mixed_hcp_index, default_hcp_index), strokes, IF(player_hcp>=hole_hcp_index_to_use, 1, 0) + IF(player_hcp>=(18+hole_hcp_index_to_use), 1, 0), strokes )} -> 1 | L62: =IF($H62=0,"",$H62-K62) -> 3 | M62: {=SUMIFS(Front9_Scores!$D:$D, Front9_Scores!$A:$A, $A62, Front9_Scores!$B:$B, INDEX($B:$B,$AC62), Front9_Scores!$C:$C, $B62)} -> 4 | N62: {=LET(player_hcp,INDEX($E:$E,$AC62),player_tee,INDEX($F:$F,$AC62),current_hole,$B62,hole_hcp_index,XLOOKUP(current_hole,Course!$A:$A,XLOOKUP(player_tee,Course!$D$1:$F$1,Course!$D:$F)),IF(player_hcp>=hole_hcp_index,1,0)+IF(player_hcp>=(18+hole_hcp_index),1,0))} -> 1 | O62: =IF(M62=0,"",M62-N62) -> 3 | P62: {=LET( player_row, $AC62, player_hcp, INDEX($E:$E, player_row), player_flight, INDEX($A:$A, player_row), player_team, INDEX($C:$C, player_row), current_hole, $B62, flight_number, VALUE(RIGHT(player_flight, LEN(player_flight) - 7)), pair_id, "F" & flight_number & "-" & player_team, pair_row, MATCH(pair_id, $I:$I, 0), is_mixed, INDEX($N:$N, pair_row), mixed_hcp_index, VLOOKUP(current_hole, Course!$A:$G, 7, FALSE), default_hcp_index, VLOOKUP(current_hole, Course!$A:$G, 3, FALSE), hole_hcp_index_to_use, IF(is_mixed, mixed_hcp_index, default_hcp_index), strokes, IF(player_hcp>=hole_hcp_index_to_use, 1, 0) + IF(player_hcp>=(18+hole_hcp_index_to_use), 1, 0), strokes )} -> 1 | Q62: =IF($M62=0,"",$M62-P62) -> 3 | R62: {=SUMIFS(Front9_Scores!$D:$D, Front9_Scores!$A:$A, $A62, Front9_Scores!$B:$B, INDEX($B:$B,$AD62), Front9_Scores!$C:$C, $B62)} -> 4 | S62: {=LET(player_hcp,INDEX($E:$E,$AD62),player_tee,INDEX($F:$F,$AD62),current_hole,$B62,hole_hcp_index,XLOOKUP(current_hole,Course!$A:$A,XLOOKUP(player_tee,Course!$D$1:$F$1,Course!$D:$F)),IF(player_hcp>=hole_hcp_index,1,0)+IF(player_hcp>=(18+hole_hcp_index),1,0))} -> 1 | T62: =IF(R62=0,"",R62-S62) -> 3 | U62: {=LET( player_row, $AD62, player_hcp, INDEX($E:$E, player_row), player_flight, INDEX($A:$A, player_row), player_team, INDEX($C:$C, player_row), current_hole, $B62, flight_number, VALUE(RIGHT(player_flight, LEN(player_flight) - 7)), pair_id, "F" & flight_number & "-" & player_team, pair_row, MATCH(pair_id, $I:$I, 0), is_mixed, INDEX($N:$N, pair_row), mixed_hcp_index, VLOOKUP(current_hole, Course!$A:$G, 7, FALSE), default_hcp_index, VLOOKUP(current_hole, Course!$A:$G, 3, FALSE), hole_hcp_index_to_use, IF(is_mixed, mixed_hcp_index, default_hcp_index), strokes, IF(player_hcp>=hole_hcp_index_to_use, 1, 0) + IF(player_hcp>=(18+hole_hcp_index_to_use), 1, 0), strokes )} -> 1 | V62: =IF($R62=0,"",$R62-U62) -> 3 | W62: =IF(COUNT(G62,L62,Q62,V62)<4,"",LET(Red_Best_Ball,MIN(G62,L62),Blue_Best_Ball,MIN(Q62,V62),IF(Red_Best_Ball<Blue_Best_Ball,"Red",IF(Blue_Best_Ball<Red_Best_Ball,"Blue","Tie")))) -> Tie | X62: =IF(COUNT(E62,O62)<2,"",IF(E62<O62,"Red",IF(O62<E62,"Blue","Tie"))) -> Tie | Y62: =IF(COUNT(J62,T62)<2,"",IF(J62<T62,"Red",IF(T62<J62,"Blue","Tie"))) -> Tie | Z62: =A62 -> Flight_3 | AA62: 12 | AB62: 13 | AC62: 10 | AD62: 11
A63: Flight_3 | B63: 6 | C63: {=SUMIFS(Front9_Scores!$D:$D, Front9_Scores!$A:$A, $A63, Front9_Scores!$B:$B, INDEX($B:$B,$AA63), Front9_Scores!$C:$C, $B63)} -> 4 | D63: {=LET(player_hcp,INDEX($E:$E,$AA63),player_tee,INDEX($F:$F,$AA63),current_hole,$B63,hole_hcp_index,XLOOKUP(current_hole,Course!$A:$A,XLOOKUP(player_tee,Course!$D$1:$F$1,Course!$D:$F)),IF(player_hcp>=hole_hcp_index,1,0)+IF(player_hcp>=(18+hole_hcp_index),1,0))} -> 1 | E63: =IF($C63=0,"",$C63-D63) -> 3 | F63: {=LET( player_row, $AA63, player_hcp, INDEX($E:$E, player_row), player_flight, INDEX($A:$A, player_row), player_team, INDEX($C:$C, player_row), current_hole, $B63, flight_number, VALUE(RIGHT(player_flight, LEN(player_flight) - 7)), pair_id, "F" & flight_number & "-" & player_team, pair_row, MATCH(pair_id, $I:$I, 0), is_mixed, INDEX($N:$N, pair_row), mixed_hcp_index, VLOOKUP(current_hole, Course!$A:$G, 7, FALSE), default_hcp_index, VLOOKUP(current_hole, Course!$A:$G, 3, FALSE), hole_hcp_index_to_use, IF(is_mixed, mixed_hcp_index, default_hcp_index), strokes, IF(player_hcp>=hole_hcp_index_to_use, 1, 0) + IF(player_hcp>=(18+hole_hcp_index_to_use), 1, 0), strokes )} -> 1 | G63: =IF($C63=0,"",$C63-F63) -> 3 | H63: {=SUMIFS(Front9_Scores!$D:$D, Front9_Scores!$A:$A, $A63, Front9_Scores!$B:$B, INDEX($B:$B,$AB63), Front9_Scores!$C:$C, $B63)} -> 4 | I63: {=LET(player_hcp,INDEX($E:$E,$AB63),player_tee,INDEX($F:$F,$AB63),current_hole,$B63,hole_hcp_index,XLOOKUP(current_hole,Course!$A:$A,XLOOKUP(player_tee,Course!$D$1:$F$1,Course!$D:$F)),IF(player_hcp>=hole_hcp_index,1,0)+IF(player_hcp>=(18+hole_hcp_index),1,0))} -> 1 | J63: =IF($H63=0,"",$H63-I63) -> 3 | K63: {=LET( player_row, $AB63, player_hcp, INDEX($E:$E, player_row), player_flight, INDEX($A:$A, player_row), player_team, INDEX($C:$C, player_row), current_hole, $B63, flight_number, VALUE(RIGHT(player_flight, LEN(player_flight) - 7)), pair_id, "F" & flight_number & "-" & player_team, pair_row, MATCH(pair_id, $I:$I, 0), is_mixed, INDEX($N:$N, pair_row), mixed_hcp_index, VLOOKUP(current_hole, Course!$A:$G, 7, FALSE), default_hcp_index, VLOOKUP(current_hole, Course!$A:$G, 3, FALSE), hole_hcp_index_to_use, IF(is_mixed, mixed_hcp_index, default_hcp_index), strokes, IF(player_hcp>=hole_hcp_index_to_use, 1, 0) + IF(player_hcp>=(18+hole_hcp_index_to_use), 1, 0), strokes )} -> 1 | L63: =IF($H63=0,"",$H63-K63) -> 3 | M63: {=SUMIFS(Front9_Scores!$D:$D, Front9_Scores!$A:$A, $A63, Front9_Scores!$B:$B, INDEX($B:$B,$AC63), Front9_Scores!$C:$C, $B63)} -> 4 | N63: {=LET(player_hcp,INDEX($E:$E,$AC63),player_tee,INDEX($F:$F,$AC63),current_hole,$B63,hole_hcp_index,XLOOKUP(current_hole,Course!$A:$A,XLOOKUP(player_tee,Course!$D$1:$F$1,Course!$D:$F)),IF(player_hcp>=hole_hcp_index,1,0)+IF(player_hcp>=(18+hole_hcp_index),1,0))} -> 1 | O63: =IF(M63=0,"",M63-N63) -> 3 | P63: {=LET( player_row, $AC63, player_hcp, INDEX($E:$E, player_row), player_flight, INDEX($A:$A, player_row), player_team, INDEX($C:$C, player_row), current_hole, $B63, flight_number, VALUE(RIGHT(player_flight, LEN(player_flight) - 7)), pair_id, "F" & flight_number & "-" & player_team, pair_row, MATCH(pair_id, $I:$I, 0), is_mixed, INDEX($N:$N, pair_row), mixed_hcp_index, VLOOKUP(current_hole, Course!$A:$G, 7, FALSE), default_hcp_index, VLOOKUP(current_hole, Course!$A:$G, 3, FALSE), hole_hcp_index_to_use, IF(is_mixed, mixed_hcp_index, default_hcp_index), strokes, IF(player_hcp>=hole_hcp_index_to_use, 1, 0) + IF(player_hcp>=(18+hole_hcp_index_to_use), 1, 0), strokes )} -> 1 | Q63: =IF($M63=0,"",$M63-P63) -> 3 | R63: {=SUMIFS(Front9_Scores!$D:$D, Front9_Scores!$A:$A, $A63, Front9_Scores!$B:$B, INDEX($B:$B,$AD63), Front9_Scores!$C:$C, $B63)} -> 5 | S63: {=LET(player_hcp,INDEX($E:$E,$AD63),player_tee,INDEX($F:$F,$AD63),current_hole,$B63,hole_hcp_index,XLOOKUP(current_hole,Course!$A:$A,XLOOKUP(player_tee,Course!$D$1:$F$1,Course!$D:$F)),IF(player_hcp>=hole_hcp_index,1,0)+IF(player_hcp>=(18+hole_hcp_index),1,0))} -> 1 | T63: =IF(R63=0,"",R63-S63) -> 4 | U63: {=LET( player_row, $AD63, player_hcp, INDEX($E:$E, player_row), player_flight, INDEX($A:$A, player_row), player_team, INDEX($C:$C, player_row), current_hole, $B63, flight_number, VALUE(RIGHT(player_flight, LEN(player_flight) - 7)), pair_id, "F" & flight_number & "-" & player_team, pair_row, MATCH(pair_id, $I:$I, 0), is_mixed, INDEX($N:$N, pair_row), mixed_hcp_index, VLOOKUP(current_hole, Course!$A:$G, 7, FALSE), default_hcp_index, VLOOKUP(current_hole, Course!$A:$G, 3, FALSE), hole_hcp_index_to_use, IF(is_mixed, mixed_hcp_index, default_hcp_index), strokes, IF(player_hcp>=hole_hcp_index_to_use, 1, 0) + IF(player_hcp>=(18+hole_hcp_index_to_use), 1, 0), strokes )} -> 1 | V63: =IF($R63=0,"",$R63-U63) -> 4 | W63: =IF(COUNT(G63,L63,Q63,V63)<4,"",LET(Red_Best_Ball,MIN(G63,L63),Blue_Best_Ball,MIN(Q63,V63),IF(Red_Best_Ball<Blue_Best_Ball,"Red",IF(Blue_Best_Ball<Red_Best_Ball,"Blue","Tie")))) -> Tie | X63: =IF(COUNT(E63,O63)<2,"",IF(E63<O63,"Red",IF(O63<E63,"Blue","Tie"))) -> Tie | Y63: =IF(COUNT(J63,T63)<2,"",IF(J63<T63,"Red",IF(T63<J63,"Blue","Tie"))) -> Red | Z63: =A63 -> Flight_3 | AA63: 12 | AB63: 13 | AC63: 10 | AD63: 11
A64: Flight_3 | B64: 7 | C64: {=SUMIFS(Front9_Scores!$D:$D, Front9_Scores!$A:$A, $A64, Front9_Scores!$B:$B, INDEX($B:$B,$AA64), Front9_Scores!$C:$C, $B64)} -> 3 | D64: {=LET(player_hcp,INDEX($E:$E,$AA64),player_tee,INDEX($F:$F,$AA64),current_hole,$B64,hole_hcp_index,XLOOKUP(current_hole,Course!$A:$A,XLOOKUP(player_tee,Course!$D$1:$F$1,Course!$D:$F)),IF(player_hcp>=hole_hcp_index,1,0)+IF(player_hcp>=(18+hole_hcp_index),1,0))} -> 0 | E64: =IF($C64=0,"",$C64-D64) -> 3 | F64: {=LET( player_row, $AA64, player_hcp, INDEX($E:$E, player_row), player_flight, INDEX($A:$A, player_row), player_team, INDEX($C:$C, player_row), current_hole, $B64, flight_number, VALUE(RIGHT(player_flight, LEN(player_flight) - 7)), pair_id, "F" & flight_number & "-" & player_team, pair_row, MATCH(pair_id, $I:$I, 0), is_mixed, INDEX($N:$N, pair_row), mixed_hcp_index, VLOOKUP(current_hole, Course!$A:$G, 7, FALSE), default_hcp_index, VLOOKUP(current_hole, Course!$A:$G, 3, FALSE), hole_hcp_index_to_use, IF(is_mixed, mixed_hcp_index, default_hcp_index), strokes, IF(player_hcp>=hole_hcp_index_to_use, 1, 0) + IF(player_hcp>=(18+hole_hcp_index_to_use), 1, 0), strokes )} -> 0 | G64: =IF($C64=0,"",$C64-F64) -> 3 | H64: {=SUMIFS(Front9_Scores!$D:$D, Front9_Scores!$A:$A, $A64, Front9_Scores!$B:$B, INDEX($B:$B,$AB64), Front9_Scores!$C:$C, $B64)} -> 3 | I64: {=LET(player_hcp,INDEX($E:$E,$AB64),player_tee,INDEX($F:$F,$AB64),current_hole,$B64,hole_hcp_index,XLOOKUP(current_hole,Course!$A:$A,XLOOKUP(player_tee,Course!$D$1:$F$1,Course!$D:$F)),IF(player_hcp>=hole_hcp_index,1,0)+IF(player_hcp>=(18+hole_hcp_index),1,0))} -> 1 | J64: =IF($H64=0,"",$H64-I64) -> 2 | K64: {=LET( player_row, $AB64, player_hcp, INDEX($E:$E, player_row), player_flight, INDEX($A:$A, player_row), player_team, INDEX($C:$C, player_row), current_hole, $B64, flight_number, VALUE(RIGHT(player_flight, LEN(player_flight) - 7)), pair_id, "F" & flight_number & "-" & player_team, pair_row, MATCH(pair_id, $I:$I, 0), is_mixed, INDEX($N:$N, pair_row), mixed_hcp_index, VLOOKUP(current_hole, Course!$A:$G, 7, FALSE), default_hcp_index, VLOOKUP(current_hole, Course!$A:$G, 3, FALSE), hole_hcp_index_to_use, IF(is_mixed, mixed_hcp_index, default_hcp_index), strokes, IF(player_hcp>=hole_hcp_index_to_use, 1, 0) + IF(player_hcp>=(18+hole_hcp_index_to_use), 1, 0), strokes )} -> 1 | L64: =IF($H64=0,"",$H64-K64) -> 2 | M64: {=SUMIFS(Front9_Scores!$D:$D, Front9_Scores!$A:$A, $A64, Front9_Scores!$B:$B, INDEX($B:$B,$AC64), Front9_Scores!$C:$C, $B64)} -> 3 | N64: {=LET(player_hcp,INDEX($E:$E,$AC64),player_tee,INDEX($F:$F,$AC64),current_hole,$B64,hole_hcp_index,XLOOKUP(current_hole,Course!$A:$A,XLOOKUP(player_tee,Course!$D$1:$F$1,Course!$D:$F)),IF(player_hcp>=hole_hcp_index,1,0)+IF(player_hcp>=(18+hole_hcp_index),1,0))} -> 0 | O64: =IF(M64=0,"",M64-N64) -> 3 | P64: {=LET( player_row, $AC64, player_hcp, INDEX($E:$E, player_row), player_flight, INDEX($A:$A, player_row), player_team, INDEX($C:$C, player_row), current_hole, $B64, flight_number, VALUE(RIGHT(player_flight, LEN(player_flight) - 7)), pair_id, "F" & flight_number & "-" & player_team, pair_row, MATCH(pair_id, $I:$I, 0), is_mixed, INDEX($N:$N, pair_row), mixed_hcp_index, VLOOKUP(current_hole, Course!$A:$G, 7, FALSE), default_hcp_index, VLOOKUP(current_hole, Course!$A:$G, 3, FALSE), hole_hcp_index_to_use, IF(is_mixed, mixed_hcp_index, default_hcp_index), strokes, IF(player_hcp>=hole_hcp_index_to_use, 1, 0) + IF(player_hcp>=(18+hole_hcp_index_to_use), 1, 0), strokes )} -> 0 | Q64: =IF($M64=0,"",$M64-P64) -> 3 | R64: {=SUMIFS(Front9_Scores!$D:$D, Front9_Scores!$A:$A, $A64, Front9_Scores!$B:$B, INDEX($B:$B,$AD64), Front9_Scores!$C:$C, $B64)} -> 4 | S64: {=LET(player_hcp,INDEX($E:$E,$AD64),player_tee,INDEX($F:$F,$AD64),current_hole,$B64,hole_hcp_index,XLOOKUP(current_hole,Course!$A:$A,XLOOKUP(player_tee,Course!$D$1:$F$1,Course!$D:$F)),IF(player_hcp>=hole_hcp_index,1,0)+IF(player_hcp>=(18+hole_hcp_index),1,0))} -> 1 | T64: =IF(R64=0,"",R64-S64) -> 3 | U64: {=LET( player_row, $AD64, player_hcp, INDEX($E:$E, player_row), player_flight, INDEX($A:$A, player_row), player_team, INDEX($C:$C, player_row), current_hole, $B64, flight_number, VALUE(RIGHT(player_flight, LEN(player_flight) - 7)), pair_id, "F" & flight_number & "-" & player_team, pair_row, MATCH(pair_id, $I:$I, 0), is_mixed, INDEX($N:$N, pair_row), mixed_hcp_index, VLOOKUP(current_hole, Course!$A:$G, 7, FALSE), default_hcp_index, VLOOKUP(current_hole, Course!$A:$G, 3, FALSE), hole_hcp_index_to_use, IF(is_mixed, mixed_hcp_index, default_hcp_index), strokes, IF(player_hcp>=hole_hcp_index_to_use, 1, 0) + IF(player_hcp>=(18+hole_hcp_index_to_use), 1, 0), strokes )} -> 1 | V64: =IF($R64=0,"",$R64-U64) -> 3 | W64: =IF(COUNT(G64,L64,Q64,V64)<4,"",LET(Red_Best_Ball,MIN(G64,L64),Blue_Best_Ball,MIN(Q64,V64),IF(Red_Best_Ball<Blue_Best_Ball,"Red",IF(Blue_Best_Ball<Red_Best_Ball,"Blue","Tie")))) -> Red | X64: =IF(COUNT(E64,O64)<2,"",IF(E64<O64,"Red",IF(O64<E64,"Blue","Tie"))) -> Tie | Y64: =IF(COUNT(J64,T64)<2,"",IF(J64<T64,"Red",IF(T64<J64,"Blue","Tie"))) -> Red | Z64: =A64 -> Flight_3 | AA64: 12 | AB64: 13 | AC64: 10 | AD64: 11
A65: Flight_3 | B65: 8 | C65: {=SUMIFS(Front9_Scores!$D:$D, Front9_Scores!$A:$A, $A65, Front9_Scores!$B:$B, INDEX($B:$B,$AA65), Front9_Scores!$C:$C, $B65)} -> 6 | D65: {=LET(player_hcp,INDEX($E:$E,$AA65),player_tee,INDEX($F:$F,$AA65),current_hole,$B65,hole_hcp_index,XLOOKUP(current_hole,Course!$A:$A,XLOOKUP(player_tee,Course!$D$1:$F$1,Course!$D:$F)),IF(player_hcp>=hole_hcp_index,1,0)+IF(player_hcp>=(18+hole_hcp_index),1,0))} -> 0 | E65: =IF($C65=0,"",$C65-D65) -> 6 | F65: {=LET( player_row, $AA65, player_hcp, INDEX($E:$E, player_row), player_flight, INDEX($A:$A, player_row), player_team, INDEX($C:$C, player_row), current_hole, $B65, flight_number, VALUE(RIGHT(player_flight, LEN(player_flight) - 7)), pair_id, "F" & flight_number & "-" & player_team, pair_row, MATCH(pair_id, $I:$I, 0), is_mixed, INDEX($N:$N, pair_row), mixed_hcp_index, VLOOKUP(current_hole, Course!$A:$G, 7, FALSE), default_hcp_index, VLOOKUP(current_hole, Course!$A:$G, 3, FALSE), hole_hcp_index_to_use, IF(is_mixed, mixed_hcp_index, default_hcp_index), strokes, IF(player_hcp>=hole_hcp_index_to_use, 1, 0) + IF(player_hcp>=(18+hole_hcp_index_to_use), 1, 0), strokes )} -> 0 | G65: =IF($C65=0,"",$C65-F65) -> 6 | H65: {=SUMIFS(Front9_Scores!$D:$D, Front9_Scores!$A:$A, $A65, Front9_Scores!$B:$B, INDEX($B:$B,$AB65), Front9_Scores!$C:$C, $B65)} -> 7 | I65: {=LET(player_hcp,INDEX($E:$E,$AB65),player_tee,INDEX($F:$F,$AB65),current_hole,$B65,hole_hcp_index,XLOOKUP(current_hole,Course!$A:$A,XLOOKUP(player_tee,Course!$D$1:$F$1,Course!$D:$F)),IF(player_hcp>=hole_hcp_index,1,0)+IF(player_hcp>=(18+hole_hcp_index),1,0))} -> 1 | J65: =IF($H65=0,"",$H65-I65) -> 6 | K65: {=LET( player_row, $AB65, player_hcp, INDEX($E:$E, player_row), player_flight, INDEX($A:$A, player_row), player_team, INDEX($C:$C, player_row), current_hole, $B65, flight_number, VALUE(RIGHT(player_flight, LEN(player_flight) - 7)), pair_id, "F" & flight_number & "-" & player_team, pair_row, MATCH(pair_id, $I:$I, 0), is_mixed, INDEX($N:$N, pair_row), mixed_hcp_index, VLOOKUP(current_hole, Course!$A:$G, 7, FALSE), default_hcp_index, VLOOKUP(current_hole, Course!$A:$G, 3, FALSE), hole_hcp_index_to_use, IF(is_mixed, mixed_hcp_index, default_hcp_index), strokes, IF(player_hcp>=hole_hcp_index_to_use, 1, 0) + IF(player_hcp>=(18+hole_hcp_index_to_use), 1, 0), strokes )} -> 1 | L65: =IF($H65=0,"",$H65-K65) -> 6 | M65: {=SUMIFS(Front9_Scores!$D:$D, Front9_Scores!$A:$A, $A65, Front9_Scores!$B:$B, INDEX($B:$B,$AC65), Front9_Scores!$C:$C, $B65)} -> 5 | N65: {=LET(player_hcp,INDEX($E:$E,$AC65),player_tee,INDEX($F:$F,$AC65),current_hole,$B65,hole_hcp_index,XLOOKUP(current_hole,Course!$A:$A,XLOOKUP(player_tee,Course!$D$1:$F$1,Course!$D:$F)),IF(player_hcp>=hole_hcp_index,1,0)+IF(player_hcp>=(18+hole_hcp_index),1,0))} -> 1 | O65: =IF(M65=0,"",M65-N65) -> 4 | P65: {=LET( player_row, $AC65, player_hcp, INDEX($E:$E, player_row), player_flight, INDEX($A:$A, player_row), player_team, INDEX($C:$C, player_row), current_hole, $B65, flight_number, VALUE(RIGHT(player_flight, LEN(player_flight) - 7)), pair_id, "F" & flight_number & "-" & player_team, pair_row, MATCH(pair_id, $I:$I, 0), is_mixed, INDEX($N:$N, pair_row), mixed_hcp_index, VLOOKUP(current_hole, Course!$A:$G, 7, FALSE), default_hcp_index, VLOOKUP(current_hole, Course!$A:$G, 3, FALSE), hole_hcp_index_to_use, IF(is_mixed, mixed_hcp_index, default_hcp_index), strokes, IF(player_hcp>=hole_hcp_index_to_use, 1, 0) + IF(player_hcp>=(18+hole_hcp_index_to_use), 1, 0), strokes )} -> 1 | Q65: =IF($M65=0,"",$M65-P65) -> 4 | R65: {=SUMIFS(Front9_Scores!$D:$D, Front9_Scores!$A:$A, $A65, Front9_Scores!$B:$B, INDEX($B:$B,$AD65), Front9_Scores!$C:$C, $B65)} -> 7 | S65: {=LET(player_hcp,INDEX($E:$E,$AD65),player_tee,INDEX($F:$F,$AD65),current_hole,$B65,hole_hcp_index,XLOOKUP(current_hole,Course!$A:$A,XLOOKUP(player_tee,Course!$D$1:$F$1,Course!$D:$F)),IF(player_hcp>=hole_hcp_index,1,0)+IF(player_hcp>=(18+hole_hcp_index),1,0))} -> 1 | T65: =IF(R65=0,"",R65-S65) -> 6 | U65: {=LET( player_row, $AD65, player_hcp, INDEX($E:$E, player_row), player_flight, INDEX($A:$A, player_row), player_team, INDEX($C:$C, player_row), current_hole, $B65, flight_number, VALUE(RIGHT(player_flight, LEN(player_flight) - 7)), pair_id, "F" & flight_number & "-" & player_team, pair_row, MATCH(pair_id, $I:$I, 0), is_mixed, INDEX($N:$N, pair_row), mixed_hcp_index, VLOOKUP(current_hole, Course!$A:$G, 7, FALSE), default_hcp_index, VLOOKUP(current_hole, Course!$A:$G, 3, FALSE), hole_hcp_index_to_use, IF(is_mixed, mixed_hcp_index, default_hcp_index), strokes, IF(player_hcp>=hole_hcp_index_to_use, 1, 0) + IF(player_hcp>=(18+hole_hcp_index_to_use), 1, 0), strokes )} -> 1 | V65: =IF($R65=0,"",$R65-U65) -> 6 | W65: =IF(COUNT(G65,L65,Q65,V65)<4,"",LET(Red_Best_Ball,MIN(G65,L65),Blue_Best_Ball,MIN(Q65,V65),IF(Red_Best_Ball<Blue_Best_Ball,"Red",IF(Blue_Best_Ball<Red_Best_Ball,"Blue","Tie")))) -> Blue | X65: =IF(COUNT(E65,O65)<2,"",IF(E65<O65,"Red",IF(O65<E65,"Blue","Tie"))) -> Blue | Y65: =IF(COUNT(J65,T65)<2,"",IF(J65<T65,"Red",IF(T65<J65,"Blue","Tie"))) -> Tie | Z65: =A65 -> Flight_3 | AA65: 12 | AB65: 13 | AC65: 10 | AD65: 11
A66: Flight_3 | B66: 9 | C66: {=SUMIFS(Front9_Scores!$D:$D, Front9_Scores!$A:$A, $A66, Front9_Scores!$B:$B, INDEX($B:$B,$AA66), Front9_Scores!$C:$C, $B66)} -> 0 | D66: {=LET(player_hcp,INDEX($E:$E,$AA66),player_tee,INDEX($F:$F,$AA66),current_hole,$B66,hole_hcp_index,XLOOKUP(current_hole,Course!$A:$A,XLOOKUP(player_tee,Course!$D$1:$F$1,Course!$D:$F)),IF(player_hcp>=hole_hcp_index,1,0)+IF(player_hcp>=(18+hole_hcp_index),1,0))} -> 1 | E66: =IF($C66=0,"",$C66-D66) | F66: {=LET( player_row, $AA66, player_hcp, INDEX($E:$E, player_row), player_flight, INDEX($A:$A, player_row), player_team, INDEX($C:$C, player_row), current_hole, $B66, flight_number, VALUE(RIGHT(player_flight, LEN(player_flight) - 7)), pair_id, "F" & flight_number & "-" & player_team, pair_row, MATCH(pair_id, $I:$I, 0), is_mixed, INDEX($N:$N, pair_row), mixed_hcp_index, VLOOKUP(current_hole, Course!$A:$G, 7, FALSE), default_hcp_index, VLOOKUP(current_hole, Course!$A:$G, 3, FALSE), hole_hcp_index_to_use, IF(is_mixed, mixed_hcp_index, default_hcp_index), strokes, IF(player_hcp>=hole_hcp_index_to_use, 1, 0) + IF(player_hcp>=(18+hole_hcp_index_to_use), 1, 0), strokes )} -> 1 | G66: =IF($C66=0,"",$C66-F66) | H66: {=SUMIFS(Front9_Scores!$D:$D, Front9_Scores!$A:$A, $A66, Front9_Scores!$B:$B, INDEX($B:$B,$AB66), Front9_Scores!$C:$C, $B66)} -> 0 | I66: {=LET(player_hcp,INDEX($E:$E,$AB66),player_tee,INDEX($F:$F,$AB66),current_hole,$B66,hole_hcp_index,XLOOKUP(current_hole,Course!$A:$A,XLOOKUP(player_tee,Course!$D$1:$F$1,Course!$D:$F)),IF(player_hcp>=hole_hcp_index,1,0)+IF(player_hcp>=(18+hole_hcp_index),1,0))} -> 1 | J66: =IF($H66=0,"",$H66-I66) | K66: {=LET( player_row, $AB66, player_hcp, INDEX($E:$E, player_row), player_flight, INDEX($A:$A, player_row), player_team, INDEX($C:$C, player_row), current_hole, $B66, flight_number, VALUE(RIGHT(player_flight, LEN(player_flight) - 7)), pair_id, "F" & flight_number & "-" & player_team, pair_row, MATCH(pair_id, $I:$I, 0), is_mixed, INDEX($N:$N, pair_row), mixed_hcp_index, VLOOKUP(current_hole, Course!$A:$G, 7, FALSE), default_hcp_index, VLOOKUP(current_hole, Course!$A:$G, 3, FALSE), hole_hcp_index_to_use, IF(is_mixed, mixed_hcp_index, default_hcp_index), strokes, IF(player_hcp>=hole_hcp_index_to_use, 1, 0) + IF(player_hcp>=(18+hole_hcp_index_to_use), 1, 0), strokes )} -> 1 | L66: =IF($H66=0,"",$H66-K66) | M66: {=SUMIFS(Front9_Scores!$D:$D, Front9_Scores!$A:$A, $A66, Front9_Scores!$B:$B, INDEX($B:$B,$AC66), Front9_Scores!$C:$C, $B66)} -> 0 | N66: {=LET(player_hcp,INDEX($E:$E,$AC66),player_tee,INDEX($F:$F,$AC66),current_hole,$B66,hole_hcp_index,XLOOKUP(current_hole,Course!$A:$A,XLOOKUP(player_tee,Course!$D$1:$F$1,Course!$D:$F)),IF(player_hcp>=hole_hcp_index,1,0)+IF(player_hcp>=(18+hole_hcp_index),1,0))} -> 1 | O66: =IF(M66=0,"",M66-N66) | P66: {=LET( player_row, $AC66, player_hcp, INDEX($E:$E, player_row), player_flight, INDEX($A:$A, player_row), player_team, INDEX($C:$C, player_row), current_hole, $B66, flight_number, VALUE(RIGHT(player_flight, LEN(player_flight) - 7)), pair_id, "F" & flight_number & "-" & player_team, pair_row, MATCH(pair_id, $I:$I, 0), is_mixed, INDEX($N:$N, pair_row), mixed_hcp_index, VLOOKUP(current_hole, Course!$A:$G, 7, FALSE), default_hcp_index, VLOOKUP(current_hole, Course!$A:$G, 3, FALSE), hole_hcp_index_to_use, IF(is_mixed, mixed_hcp_index, default_hcp_index), strokes, IF(player_hcp>=hole_hcp_index_to_use, 1, 0) + IF(player_hcp>=(18+hole_hcp_index_to_use), 1, 0), strokes )} -> 1 | Q66: =IF($M66=0,"",$M66-P66) | R66: {=SUMIFS(Front9_Scores!$D:$D, Front9_Scores!$A:$A, $A66, Front9_Scores!$B:$B, INDEX($B:$B,$AD66), Front9_Scores!$C:$C, $B66)} -> 0 | S66: {=LET(player_hcp,INDEX($E:$E,$AD66),player_tee,INDEX($F:$F,$AD66),current_hole,$B66,hole_hcp_index,XLOOKUP(current_hole,Course!$A:$A,XLOOKUP(player_tee,Course!$D$1:$F$1,Course!$D:$F)),IF(player_hcp>=hole_hcp_index,1,0)+IF(player_hcp>=(18+hole_hcp_index),1,0))} -> 1 | T66: =IF(R66=0,"",R66-S66) | U66: {=LET( player_row, $AD66, player_hcp, INDEX($E:$E, player_row), player_flight, INDEX($A:$A, player_row), player_team, INDEX($C:$C, player_row), current_hole, $B66, flight_number, VALUE(RIGHT(player_flight, LEN(player_flight) - 7)), pair_id, "F" & flight_number & "-" & player_team, pair_row, MATCH(pair_id, $I:$I, 0), is_mixed, INDEX($N:$N, pair_row), mixed_hcp_index, VLOOKUP(current_hole, Course!$A:$G, 7, FALSE), default_hcp_index, VLOOKUP(current_hole, Course!$A:$G, 3, FALSE), hole_hcp_index_to_use, IF(is_mixed, mixed_hcp_index, default_hcp_index), strokes, IF(player_hcp>=hole_hcp_index_to_use, 1, 0) + IF(player_hcp>=(18+hole_hcp_index_to_use), 1, 0), strokes )} -> 1 | V66: =IF($R66=0,"",$R66-U66) | W66: =IF(COUNT(G66,L66,Q66,V66)<4,"",LET(Red_Best_Ball,MIN(G66,L66),Blue_Best_Ball,MIN(Q66,V66),IF(Red_Best_Ball<Blue_Best_Ball,"Red",IF(Blue_Best_Ball<Red_Best_Ball,"Blue","Tie")))) | X66: =IF(COUNT(E66,O66)<2,"",IF(E66<O66,"Red",IF(O66<E66,"Blue","Tie"))) | Y66: =IF(COUNT(J66,T66)<2,"",IF(J66<T66,"Red",IF(T66<J66,"Blue","Tie"))) | Z66: =A66 -> Flight_3 | AA66: 12 | AB66: 13 | AC66: 10 | AD66: 11
A68: Match | B68: Hole | C68: P1-Red-Gross | D68: P1-Red-Strokes_IND | E68: P1-Red-Net_IND | F68: P1-Red-Strokes_FB | G68: P1-Red-Net_FB | H68: P2-Red-Gross | I68: P2-Red-Strokes_IND | J68: P2-Red-Net_IND | K68: P2-Red-Strokes_FB | L68: P2-Red-Net_FB | M68: P1-Blue-Gross | N68: P1-Blue-Strokes_IND | O68: P1-Blue-Net_IND | P68: P1-Blue-Strokes_FB | Q68: P1-Blue-Net_FB | R68: P2-Blue-Gross | S68: P2-Blue-Strokes_IND | T68: P2-Blue-Net_IND | U68: P2-Blue-Strokes_FB | V68: P2-Blue-Net_FB | W68: FB-Winner | X68: I1-Winner | Y68: I2-Winner | Z68: Flight_ID | AA68: P1_Red_Row | AB68: P2_Red_Row | AC68: P1_Blue_Row | AD68: P2_Blue_Row
A69: Flight_4 | B69: 1 | C69: {=SUMIFS(Front9_Scores!$D:$D, Front9_Scores!$A:$A, $A69, Front9_Scores!$B:$B, INDEX($B:$B,$AA69), Front9_Scores!$C:$C, $B69)} -> 5 | D69: {=LET(player_hcp,INDEX($E:$E,$AA69),player_tee,INDEX($F:$F,$AA69),current_hole,$B69,hole_hcp_index,XLOOKUP(current_hole,Course!$A:$A,XLOOKUP(player_tee,Course!$D$1:$F$1,Course!$D:$F)),IF(player_hcp>=hole_hcp_index,1,0)+IF(player_hcp>=(18+hole_hcp_index),1,0))} -> 1 | E69: =IF($C69=0,"",$C69-D69) -> 4 | F69: {=LET( player_row, $AA69, player_hcp, INDEX($E:$E, player_row), player_flight, INDEX($A:$A, player_row), player_team, INDEX($C:$C, player_row), current_hole, $B69, flight_number, VALUE(RIGHT(player_flight, LEN(player_flight) - 7)), pair_id, "F" & flight_number & "-" & player_team, pair_row, MATCH(pair_id, $I:$I, 0), is_mixed, INDEX($N:$N, pair_row), mixed_hcp_index, VLOOKUP(current_hole, Course!$A:$G, 7, FALSE), default_hcp_index, VLOOKUP(current_hole, Course!$A:$G, 3, FALSE), hole_hcp_index_to_use, IF(is_mixed, mixed_hcp_index, default_hcp_index), strokes, IF(player_hcp>=hole_hcp_index_to_use, 1, 0) + IF(player_hcp>=(18+hole_hcp_index_to_use), 1, 0), strokes )} -> 1 | G69: =IF($C69=0,"",$C69-F69) -> 4 | H69: {=SUMIFS(Front9_Scores!$D:$D, Front9_Scores!$A:$A, $A69, Front9_Scores!$B:$B, INDEX($B:$B,$AB69), Front9_Scores!$C:$C, $B69)} -> 5 | I69: {=LET(player_hcp,INDEX($E:$E,$AB69),player_tee,INDEX($F:$F,$AB69),current_hole,$B69,hole_hcp_index,XLOOKUP(current_hole,Course!$A:$A,XLOOKUP(player_tee,Course!$D$1:$F$1,Course!$D:$F)),IF(player_hcp>=hole_hcp_index,1,0)+IF(player_hcp>=(18+hole_hcp_index),1,0))} -> 1 | J69: =IF($H69=0,"",$H69-I69) -> 4 | K69: {=LET( player_row, $AB69, player_hcp, INDEX($E:$E, player_row), player_flight, INDEX($A:$A, player_row), player_team, INDEX($C:$C, player_row), current_hole, $B69, flight_number, VALUE(RIGHT(player_flight, LEN(player_flight) - 7)), pair_id, "F" & flight_number & "-" & player_team, pair_row, MATCH(pair_id, $I:$I, 0), is_mixed, INDEX($N:$N, pair_row), mixed_hcp_index, VLOOKUP(current_hole, Course!$A:$G, 7, FALSE), default_hcp_index, VLOOKUP(current_hole, Course!$A:$G, 3, FALSE), hole_hcp_index_to_use, IF(is_mixed, mixed_hcp_index, default_hcp_index), strokes, IF(player_hcp>=hole_hcp_index_to_use, 1, 0) + IF(player_hcp>=(18+hole_hcp_index_to_use), 1, 0), strokes )} -> 1 | L69: =IF($H69=0,"",$H69-K69) -> 4 | M69: {=SUMIFS(Front9_Scores!$D:$D, Front9_Scores!$A:$A, $A69, Front9_Scores!$B:$B, INDEX($B:$B,$AC69), Front9_Scores!$C:$C, $B69)} -> 7 | N69: {=LET(player_hcp,INDEX($E:$E,$AC69),player_tee,INDEX($F:$F,$AC69),current_hole,$B69,hole_hcp_index,XLOOKUP(current_hole,Course!$A:$A,XLOOKUP(player_tee,Course!$D$1:$F$1,Course!$D:$F)),IF(player_hcp>=hole_hcp_index,1,0)+IF(player_hcp>=(18+hole_hcp_index),1,0))} -> 1 | O69: =IF(M69=0,"",M69-N69) -> 6 | P69: {=LET(player_hcp,INDEX($E:$E,$AC69),current_hole,$B69,hole_hcp_index,VLOOKUP(current_hole,Course!$A:$G,7,FALSE),IF(player_hcp>=hole_hcp_index,1,0)+IF(player_hcp>=(18+hole_hcp_index),1,0))} -> 1 | Q69: =IF($M69=0,"",$M69-P69) -> 6 | R69: {=SUMIFS(Front9_Scores!$D:$D, Front9_Scores!$A:$A, $A69, Front9_Scores!$B:$B, INDEX($B:$B,$AD69), Front9_Scores!$C:$C, $B69)} -> 8 | S69: {=LET(player_hcp,INDEX($E:$E,$AD69),player_tee,INDEX($F:$F,$AD69),current_hole,$B69,hole_hcp_index,XLOOKUP(current_hole,Course!$A:$A,XLOOKUP(player_tee,Course!$D$1:$F$1,Course!$D:$F)),IF(player_hcp>=hole_hcp_index,1,0)+IF(player_hcp>=(18+hole_hcp_index),1,0))} -> 2 | T69: =IF(R69=0,"",R69-S69) -> 6 | U69: {=LET( player_row, $AD69, player_hcp, INDEX($E:$E, player_row), player_flight, INDEX($A:$A, player_row), player_team, INDEX($C:$C, player_row), current_hole, $B69, flight_number, VALUE(RIGHT(player_flight, LEN(player_flight) - 7)), pair_id, "F" & flight_number & "-" & player_team, pair_row, MATCH(pair_id, $I:$I, 0), is_mixed, INDEX($N:$N, pair_row), mixed_hcp_index, VLOOKUP(current_hole, Course!$A:$G, 7, FALSE), default_hcp_index, VLOOKUP(current_hole, Course!$A:$G, 3, FALSE), hole_hcp_index_to_use, IF(is_mixed, mixed_hcp_index, default_hcp_index), strokes, IF(player_hcp>=hole_hcp_index_to_use, 1, 0) + IF(player_hcp>=(18+hole_hcp_index_to_use), 1, 0), strokes )} -> 2 | V69: =IF($R69=0,"",$R69-U69) -> 6 | W69: =IF(COUNT(G69,L69,Q69,V69)<4,"",LET(Red_Best_Ball,MIN(G69,L69),Blue_Best_Ball,MIN(Q69,V69),IF(Red_Best_Ball<Blue_Best_Ball,"Red",IF(Blue_Best_Ball<Red_Best_Ball,"Blue","Tie")))) -> Red | X69: =IF(COUNT(E69,O69)<2,"",IF(E69<O69,"Red",IF(O69<E69,"Blue","Tie"))) -> Red | Y69: =IF(COUNT(J69,T69)<2,"",IF(J69<T69,"Red",IF(T69<J69,"Blue","Tie"))) -> Red | Z69: =A69 -> Flight_4 | AA69: 16 | AB69: 17 | AC69: 14 | AD69: 15
A70: Flight_4 | B70: 2 | C70: {=SUMIFS(Front9_Scores!$D:$D, Front9_Scores!$A:$A, $A70, Front9_Scores!$B:$B, INDEX($B:$B,$AA70), Front9_Scores!$C:$C, $B70)} -> 5 | D70: {=LET(player_hcp,INDEX($E:$E,$AA70),player_tee,INDEX($F:$F,$AA70),current_hole,$B70,hole_hcp_index,XLOOKUP(current_hole,Course!$A:$A,XLOOKUP(player_tee,Course!$D$1:$F$1,Course!$D:$F)),IF(player_hcp>=hole_hcp_index,1,0)+IF(player_hcp>=(18+hole_hcp_index),1,0))} -> 1 | E70: =IF($C70=0,"",$C70-D70) -> 4 | F70: {=LET( player_row, $AA70, player_hcp, INDEX($E:$E, player_row), player_flight, INDEX($A:$A, player_row), player_team, INDEX($C:$C, player_row), current_hole, $B70, flight_number, VALUE(RIGHT(player_flight, LEN(player_flight) - 7)), pair_id, "F" & flight_number & "-" & player_team, pair_row, MATCH(pair_id, $I:$I, 0), is_mixed, INDEX($N:$N, pair_row), mixed_hcp_index, VLOOKUP(current_hole, Course!$A:$G, 7, FALSE), default_hcp_index, VLOOKUP(current_hole, Course!$A:$G, 3, FALSE), hole_hcp_index_to_use, IF(is_mixed, mixed_hcp_index, default_hcp_index), strokes, IF(player_hcp>=hole_hcp_index_to_use, 1, 0) + IF(player_hcp>=(18+hole_hcp_index_to_use), 1, 0), strokes )} -> 1 | G70: =IF($C70=0,"",$C70-F70) -> 4 | H70: {=SUMIFS(Front9_Scores!$D:$D, Front9_Scores!$A:$A, $A70, Front9_Scores!$B:$B, INDEX($B:$B,$AB70), Front9_Scores!$C:$C, $B70)} -> 5 | I70: {=LET(player_hcp,INDEX($E:$E,$AB70),player_tee,INDEX($F:$F,$AB70),current_hole,$B70,hole_hcp_index,XLOOKUP(current_hole,Course!$A:$A,XLOOKUP(player_tee,Course!$D$1:$F$1,Course!$D:$F)),IF(player_hcp>=hole_hcp_index,1,0)+IF(player_hcp>=(18+hole_hcp_index),1,0))} -> 0 | J70: =IF($H70=0,"",$H70-I70) -> 5 | K70: {=LET( player_row, $AB70, player_hcp, INDEX($E:$E, player_row), player_flight, INDEX($A:$A, player_row), player_team, INDEX($C:$C, player_row), current_hole, $B70, flight_number, VALUE(RIGHT(player_flight, LEN(player_flight) - 7)), pair_id, "F" & flight_number & "-" & player_team, pair_row, MATCH(pair_id, $I:$I, 0), is_mixed, INDEX($N:$N, pair_row), mixed_hcp_index, VLOOKUP(current_hole, Course!$A:$G, 7, FALSE), default_hcp_index, VLOOKUP(current_hole, Course!$A:$G, 3, FALSE), hole_hcp_index_to_use, IF(is_mixed, mixed_hcp_index, default_hcp_index), strokes, IF(player_hcp>=hole_hcp_index_to_use, 1, 0) + IF(player_hcp>=(18+hole_hcp_index_to_use), 1, 0), strokes )} -> 0 | L70: =IF($H70=0,"",$H70-K70) -> 5 | M70: {=SUMIFS(Front9_Scores!$D:$D, Front9_Scores!$A:$A, $A70, Front9_Scores!$B:$B, INDEX($B:$B,$AC70), Front9_Scores!$C:$C, $B70)} -> 6 | N70: {=LET(player_hcp,INDEX($E:$E,$AC70),player_tee,INDEX($F:$F,$AC70),current_hole,$B70,hole_hcp_index,XLOOKUP(current_hole,Course!$A:$A,XLOOKUP(player_tee,Course!$D$1:$F$1,Course!$D:$F)),IF(player_hcp>=hole_hcp_index,1,0)+IF(player_hcp>=(18+hole_hcp_index),1,0))} -> 1 | O70: =IF(M70=0,"",M70-N70) -> 5 | P70: {=LET(player_hcp,INDEX($E:$E,$AC70),current_hole,$B70,hole_hcp_index,VLOOKUP(current_hole,Course!$A:$G,7,FALSE),IF(player_hcp>=hole_hcp_index,1,0)+IF(player_hcp>=(18+hole_hcp_index),1,0))} -> 1 | Q70: =IF($M70=0,"",$M70-P70) -> 5 | R70: {=SUMIFS(Front9_Scores!$D:$D, Front9_Scores!$A:$A, $A70, Front9_Scores!$B:$B, INDEX($B:$B,$AD70), Front9_Scores!$C:$C, $B70)} -> 6 | S70: {=LET(player_hcp,INDEX($E:$E,$AD70),player_tee,INDEX($F:$F,$AD70),current_hole,$B70,hole_hcp_index,XLOOKUP(current_hole,Course!$A:$A,XLOOKUP(player_tee,Course!$D$1:$F$1,Course!$D:$F)),IF(player_hcp>=hole_hcp_index,1,0)+IF(player_hcp>=(18+hole_hcp_index),1,0))} -> 1 | T70: =IF(R70=0,"",R70-S70) -> 5 | U70: {=LET( player_row, $AD70, player_hcp, INDEX($E:$E, player_row), player_flight, INDEX($A:$A, player_row), player_team, INDEX($C:$C, player_row), current_hole, $B70, flight_number, VALUE(RIGHT(player_flight, LEN(player_flight) - 7)), pair_id, "F" & flight_number & "-" & player_team, pair_row, MATCH(pair_id, $I:$I, 0), is_mixed, INDEX($N:$N, pair_row), mixed_hcp_index, VLOOKUP(current_hole, Course!$A:$G, 7, FALSE), default_hcp_index, VLOOKUP(current_hole, Course!$A:$G, 3, FALSE), hole_hcp_index_to_use, IF(is_mixed, mixed_hcp_index, default_hcp_index), strokes, IF(player_hcp>=hole_hcp_index_to_use, 1, 0) + IF(player_hcp>=(18+hole_hcp_index_to_use), 1, 0), strokes )} -> 1 | V70: =IF($R70=0,"",$R70-U70) -> 5 | W70: =IF(COUNT(G70,L70,Q70,V70)<4,"",LET(Red_Best_Ball,MIN(G70,L70),Blue_Best_Ball,MIN(Q70,V70),IF(Red_Best_Ball<Blue_Best_Ball,"Red",IF(Blue_Best_Ball<Red_Best_Ball,"Blue","Tie")))) -> Red | X70: =IF(COUNT(E70,O70)<2,"",IF(E70<O70,"Red",IF(O70<E70,"Blue","Tie"))) -> Red | Y70: =IF(COUNT(J70,T70)<2,"",IF(J70<T70,"Red",IF(T70<J70,"Blue","Tie"))) -> Tie | Z70: =A70 -> Flight_4 | AA70: 16 | AB70: 17 | AC70: 14 | AD70: 15
A71: Flight_4 | B71: 3 | C71: {=SUMIFS(Front9_Scores!$D:$D, Front9_Scores!$A:$A, $A71, Front9_Scores!$B:$B, INDEX($B:$B,$AA71), Front9_Scores!$C:$C, $B71)} -> 5 | D71: {=LET(player_hcp,INDEX($E:$E,$AA71),player_tee,INDEX($F:$F,$AA71),current_hole,$B71,hole_hcp_index,XLOOKUP(current_hole,Course!$A:$A,XLOOKUP(player_tee,Course!$D$1:$F$1,Course!$D:$F)),IF(player_hcp>=hole_hcp_index,1,0)+IF(player_hcp>=(18+hole_hcp_index),1,0))} -> 0 | E71: =IF($C71=0,"",$C71-D71) -> 5 | F71: {=LET( player_row, $AA71, player_hcp, INDEX($E:$E, player_row), player_flight, INDEX($A:$A, player_row), player_team, INDEX($C:$C, player_row), current_hole, $B71, flight_number, VALUE(RIGHT(player_flight, LEN(player_flight) - 7)), pair_id, "F" & flight_number & "-" & player_team, pair_row, MATCH(pair_id, $I:$I, 0), is_mixed, INDEX($N:$N, pair_row), mixed_hcp_index, VLOOKUP(current_hole, Course!$A:$G, 7, FALSE), default_hcp_index, VLOOKUP(current_hole, Course!$A:$G, 3, FALSE), hole_hcp_index_to_use, IF(is_mixed, mixed_hcp_index, default_hcp_index), strokes, IF(player_hcp>=hole_hcp_index_to_use, 1, 0) + IF(player_hcp>=(18+hole_hcp_index_to_use), 1, 0), strokes )} -> 0 | G71: =IF($C71=0,"",$C71-F71) -> 5 | H71: {=SUMIFS(Front9_Scores!$D:$D, Front9_Scores!$A:$A, $A71, Front9_Scores!$B:$B, INDEX($B:$B,$AB71), Front9_Scores!$C:$C, $B71)} -> 5 | I71: {=LET(player_hcp,INDEX($E:$E,$AB71),player_tee,INDEX($F:$F,$AB71),current_hole,$B71,hole_hcp_index,XLOOKUP(current_hole,Course!$A:$A,XLOOKUP(player_tee,Course!$D$1:$F$1,Course!$D:$F)),IF(player_hcp>=hole_hcp_index,1,0)+IF(player_hcp>=(18+hole_hcp_index),1,0))} -> 0 | J71: =IF($H71=0,"",$H71-I71) -> 5 | K71: {=LET( player_row, $AB71, player_hcp, INDEX($E:$E, player_row), player_flight, INDEX($A:$A, player_row), player_team, INDEX($C:$C, player_row), current_hole, $B71, flight_number, VALUE(RIGHT(player_flight, LEN(player_flight) - 7)), pair_id, "F" & flight_number & "-" & player_team, pair_row, MATCH(pair_id, $I:$I, 0), is_mixed, INDEX($N:$N, pair_row), mixed_hcp_index, VLOOKUP(current_hole, Course!$A:$G, 7, FALSE), default_hcp_index, VLOOKUP(current_hole, Course!$A:$G, 3, FALSE), hole_hcp_index_to_use, IF(is_mixed, mixed_hcp_index, default_hcp_index), strokes, IF(player_hcp>=hole_hcp_index_to_use, 1, 0) + IF(player_hcp>=(18+hole_hcp_index_to_use), 1, 0), strokes )} -> 0 | L71: =IF($H71=0,"",$H71-K71) -> 5 | M71: {=SUMIFS(Front9_Scores!$D:$D, Front9_Scores!$A:$A, $A71, Front9_Scores!$B:$B, INDEX($B:$B,$AC71), Front9_Scores!$C:$C, $B71)} -> 4 | N71: {=LET(player_hcp,INDEX($E:$E,$AC71),player_tee,INDEX($F:$F,$AC71),current_hole,$B71,hole_hcp_index,XLOOKUP(current_hole,Course!$A:$A,XLOOKUP(player_tee,Course!$D$1:$F$1,Course!$D:$F)),IF(player_hcp>=hole_hcp_index,1,0)+IF(player_hcp>=(18+hole_hcp_index),1,0))} -> 0 | O71: =IF(M71=0,"",M71-N71) -> 4 | P71: {=LET(player_hcp,INDEX($E:$E,$AC71),current_hole,$B71,hole_hcp_index,VLOOKUP(current_hole,Course!$A:$G,7,FALSE),IF(player_hcp>=hole_hcp_index,1,0)+IF(player_hcp>=(18+hole_hcp_index),1,0))} -> 0 | Q71: =IF($M71=0,"",$M71-P71) -> 4 | R71: {=SUMIFS(Front9_Scores!$D:$D, Front9_Scores!$A:$A, $A71, Front9_Scores!$B:$B, INDEX($B:$B,$AD71), Front9_Scores!$C:$C, $B71)} -> 5 | S71: {=LET(player_hcp,INDEX($E:$E,$AD71),player_tee,INDEX($F:$F,$AD71),current_hole,$B71,hole_hcp_index,XLOOKUP(current_hole,Course!$A:$A,XLOOKUP(player_tee,Course!$D$1:$F$1,Course!$D:$F)),IF(player_hcp>=hole_hcp_index,1,0)+IF(player_hcp>=(18+hole_hcp_index),1,0))} -> 1 | T71: =IF(R71=0,"",R71-S71) -> 4 | U71: {=LET( player_row, $AD71, player_hcp, INDEX($E:$E, player_row), player_flight, INDEX($A:$A, player_row), player_team, INDEX($C:$C, player_row), current_hole, $B71, flight_number, VALUE(RIGHT(player_flight, LEN(player_flight) - 7)), pair_id, "F" & flight_number & "-" & player_team, pair_row, MATCH(pair_id, $I:$I, 0), is_mixed, INDEX($N:$N, pair_row), mixed_hcp_index, VLOOKUP(current_hole, Course!$A:$G, 7, FALSE), default_hcp_index, VLOOKUP(current_hole, Course!$A:$G, 3, FALSE), hole_hcp_index_to_use, IF(is_mixed, mixed_hcp_index, default_hcp_index), strokes, IF(player_hcp>=hole_hcp_index_to_use, 1, 0) + IF(player_hcp>=(18+hole_hcp_index_to_use), 1, 0), strokes )} -> 1 | V71: =IF($R71=0,"",$R71-U71) -> 4 | W71: =IF(COUNT(G71,L71,Q71,V71)<4,"",LET(Red_Best_Ball,MIN(G71,L71),Blue_Best_Ball,MIN(Q71,V71),IF(Red_Best_Ball<Blue_Best_Ball,"Red",IF(Blue_Best_Ball<Red_Best_Ball,"Blue","Tie")))) -> Blue | X71: =IF(COUNT(E71,O71)<2,"",IF(E71<O71,"Red",IF(O71<E71,"Blue","Tie"))) -> Blue | Y71: =IF(COUNT(J71,T71)<2,"",IF(J71<T71,"Red",IF(T71<J71,"Blue","Tie"))) -> Blue | Z71: =A71 -> Flight_4 | AA71: 16 | AB71: 17 | AC71: 14 | AD71: 15
A72: Flight_4 | B72: 4 | C72: {=SUMIFS(Front9_Scores!$D:$D, Front9_Scores!$A:$A, $A72, Front9_Scores!$B:$B, INDEX($B:$B,$AA72), Front9_Scores!$C:$C, $B72)} -> 4 | D72: {=LET(player_hcp,INDEX($E:$E,$AA72),player_tee,INDEX($F:$F,$AA72),current_hole,$B72,hole_hcp_index,XLOOKUP(current_hole,Course!$A:$A,XLOOKUP(player_tee,Course!$D$1:$F$1,Course!$D:$F)),IF(player_hcp>=hole_hcp_index,1,0)+IF(player_hcp>=(18+hole_hcp_index),1,0))} -> 1 | E72: =IF($C72=0,"",$C72-D72) -> 3 | F72: {=LET( player_row, $AA72, player_hcp, INDEX($E:$E, player_row), player_flight, INDEX($A:$A, player_row), player_team, INDEX($C:$C, player_row), current_hole, $B72, flight_number, VALUE(RIGHT(player_flight, LEN(player_flight) - 7)), pair_id, "F" & flight_number & "-" & player_team, pair_row, MATCH(pair_id, $I:$I, 0), is_mixed, INDEX($N:$N, pair_row), mixed_hcp_index, VLOOKUP(current_hole, Course!$A:$G, 7, FALSE), default_hcp_index, VLOOKUP(current_hole, Course!$A:$G, 3, FALSE), hole_hcp_index_to_use, IF(is_mixed, mixed_hcp_index, default_hcp_index), strokes, IF(player_hcp>=hole_hcp_index_to_use, 1, 0) + IF(player_hcp>=(18+hole_hcp_index_to_use), 1, 0), strokes )} -> 1 | G72: =IF($C72=0,"",$C72-F72) -> 3 | H72: {=SUMIFS(Front9_Scores!$D:$D, Front9_Scores!$A:$A, $A72, Front9_Scores!$B:$B, INDEX($B:$B,$AB72), Front9_Scores!$C:$C, $B72)} -> 4 | I72: {=LET(player_hcp,INDEX($E:$E,$AB72),player_tee,INDEX($F:$F,$AB72),current_hole,$B72,hole_hcp_index,XLOOKUP(current_hole,Course!$A:$A,XLOOKUP(player_tee,Course!$D$1:$F$1,Course!$D:$F)),IF(player_hcp>=hole_hcp_index,1,0)+IF(player_hcp>=(18+hole_hcp_index),1,0))} -> 0 | J72: =IF($H72=0,"",$H72-I72) -> 4 | K72: {=LET( player_row, $AB72, player_hcp, INDEX($E:$E, player_row), player_flight, INDEX($A:$A, player_row), player_team, INDEX($C:$C, player_row), current_hole, $B72, flight_number, VALUE(RIGHT(player_flight, LEN(player_flight) - 7)), pair_id, "F" & flight_number & "-" & player_team, pair_row, MATCH(pair_id, $I:$I, 0), is_mixed, INDEX($N:$N, pair_row), mixed_hcp_index, VLOOKUP(current_hole, Course!$A:$G, 7, FALSE), default_hcp_index, VLOOKUP(current_hole, Course!$A:$G, 3, FALSE), hole_hcp_index_to_use, IF(is_mixed, mixed_hcp_index, default_hcp_index), strokes, IF(player_hcp>=hole_hcp_index_to_use, 1, 0) + IF(player_hcp>=(18+hole_hcp_index_to_use), 1, 0), strokes )} -> 0 | L72: =IF($H72=0,"",$H72-K72) -> 4 | M72: {=SUMIFS(Front9_Scores!$D:$D, Front9_Scores!$A:$A, $A72, Front9_Scores!$B:$B, INDEX($B:$B,$AC72), Front9_Scores!$C:$C, $B72)} -> 5 | N72: {=LET(player_hcp,INDEX($E:$E,$AC72),player_tee,INDEX($F:$F,$AC72),current_hole,$B72,hole_hcp_index,XLOOKUP(current_hole,Course!$A:$A,XLOOKUP(player_tee,Course!$D$1:$F$1,Course!$D:$F)),IF(player_hcp>=hole_hcp_index,1,0)+IF(player_hcp>=(18+hole_hcp_index),1,0))} -> 0 | O72: =IF(M72=0,"",M72-N72) -> 5 | P72: {=LET(player_hcp,INDEX($E:$E,$AC72),current_hole,$B72,hole_hcp_index,VLOOKUP(current_hole,Course!$A:$G,7,FALSE),IF(player_hcp>=hole_hcp_index,1,0)+IF(player_hcp>=(18+hole_hcp_index),1,0))} -> 0 | Q72: =IF($M72=0,"",$M72-P72) -> 5 | R72: {=SUMIFS(Front9_Scores!$D:$D, Front9_Scores!$A:$A, $A72, Front9_Scores!$B:$B, INDEX($B:$B,$AD72), Front9_Scores!$C:$C, $B72)} -> 6 | S72: {=LET(player_hcp,INDEX($E:$E,$AD72),player_tee,INDEX($F:$F,$AD72),current_hole,$B72,hole_hcp_index,XLOOKUP(current_hole,Course!$A:$A,XLOOKUP(player_tee,Course!$D$1:$F$1,Course!$D:$F)),IF(player_hcp>=hole_hcp_index,1,0)+IF(player_hcp>=(18+hole_hcp_index),1,0))} -> 1 | T72: =IF(R72=0,"",R72-S72) -> 5 | U72: {=LET( player_row, $AD72, player_hcp, INDEX($E:$E, player_row), player_flight, INDEX($A:$A, player_row), player_team, INDEX($C:$C, player_row), current_hole, $B72, flight_number, VALUE(RIGHT(player_flight, LEN(player_flight) - 7)), pair_id, "F" & flight_number & "-" & player_team, pair_row, MATCH(pair_id, $I:$I, 0), is_mixed, INDEX($N:$N, pair_row), mixed_hcp_index, VLOOKUP(current_hole, Course!$A:$G, 7, FALSE), default_hcp_index, VLOOKUP(current_hole, Course!$A:$G, 3, FALSE), hole_hcp_index_to_use, IF(is_mixed, mixed_hcp_index, default_hcp_index), strokes, IF(player_hcp>=hole_hcp_index_to_use, 1, 0) + IF(player_hcp>=(18+hole_hcp_index_to_use), 1, 0), strokes )} -> 1 | V72: =IF($R72=0,"",$R72-U72) -> 5 | W72: =IF(COUNT(G72,L72,Q72,V72)<4,"",LET(Red_Best_Ball,MIN(G72,L72),Blue_Best_Ball,MIN(Q72,V72),IF(Red_Best_Ball<Blue_Best_Ball,"Red",IF(Blue_Best_Ball<Red_Best_Ball,"Blue","Tie")))) -> Red | X72: =IF(COUNT(E72,O72)<2,"",IF(E72<O72,"Red",IF(O72<E72,"Blue","Tie"))) -> Red | Y72: =IF(COUNT(J72,T72)<2,"",IF(J72<T72,"Red",IF(T72<J72,"Blue","Tie"))) -> Red | Z72: =A72 -> Flight_4 | AA72: 16 | AB72: 17 | AC72: 14 | AD72: 15
A73: Flight_4 | B73: 5 | C73: {=SUMIFS(Front9_Scores!$D:$D, Front9_Scores!$A:$A, $A73, Front9_Scores!$B:$B, INDEX($B:$B,$AA73), Front9_Scores!$C:$C, $B73)} -> 4 | D73: {=LET(player_hcp,INDEX($E:$E,$AA73),player_tee,INDEX($F:$F,$AA73),current_hole,$B73,hole_hcp_index,XLOOKUP(current_hole,Course!$A:$A,XLOOKUP(player_tee,Course!$D$1:$F$1,Course!$D:$F)),IF(player_hcp>=hole_hcp_index,1,0)+IF(player_hcp>=(18+hole_hcp_index),1,0))} -> 1 | E73: =IF($C73=0,"",$C73-D73) -> 3 | F73: {=LET( player_row, $AA73, player_hcp, INDEX($E:$E, player_row), player_flight, INDEX($A:$A, player_row), player_team, INDEX($C:$C, player_row), current_hole, $B73, flight_number, VALUE(RIGHT(player_flight, LEN(player_flight) - 7)), pair_id, "F" & flight_number & "-" & player_team, pair_row, MATCH(pair_id, $I:$I, 0), is_mixed, INDEX($N:$N, pair_row), mixed_hcp_index, VLOOKUP(current_hole, Course!$A:$G, 7, FALSE), default_hcp_index, VLOOKUP(current_hole, Course!$A:$G, 3, FALSE), hole_hcp_index_to_use, IF(is_mixed, mixed_hcp_index, default_hcp_index), strokes, IF(player_hcp>=hole_hcp_index_to_use, 1, 0) + IF(player_hcp>=(18+hole_hcp_index_to_use), 1, 0), strokes )} -> 1 | G73: =IF($C73=0,"",$C73-F73) -> 3 | H73: {=SUMIFS(Front9_Scores!$D:$D, Front9_Scores!$A:$A, $A73, Front9_Scores!$B:$B, INDEX($B:$B,$AB73), Front9_Scores!$C:$C, $B73)} -> 6 | I73: {=LET(player_hcp,INDEX($E:$E,$AB73),player_tee,INDEX($F:$F,$AB73),current_hole,$B73,hole_hcp_index,XLOOKUP(current_hole,Course!$A:$A,XLOOKUP(player_tee,Course!$D$1:$F$1,Course!$D:$F)),IF(player_hcp>=hole_hcp_index,1,0)+IF(player_hcp>=(18+hole_hcp_index),1,0))} -> 1 | J73: =IF($H73=0,"",$H73-I73) -> 5 | K73: {=LET( player_row, $AB73, player_hcp, INDEX($E:$E, player_row), player_flight, INDEX($A:$A, player_row), player_team, INDEX($C:$C, player_row), current_hole, $B73, flight_number, VALUE(RIGHT(player_flight, LEN(player_flight) - 7)), pair_id, "F" & flight_number & "-" & player_team, pair_row, MATCH(pair_id, $I:$I, 0), is_mixed, INDEX($N:$N, pair_row), mixed_hcp_index, VLOOKUP(current_hole, Course!$A:$G, 7, FALSE), default_hcp_index, VLOOKUP(current_hole, Course!$A:$G, 3, FALSE), hole_hcp_index_to_use, IF(is_mixed, mixed_hcp_index, default_hcp_index), strokes, IF(player_hcp>=hole_hcp_index_to_use, 1, 0) + IF(player_hcp>=(18+hole_hcp_index_to_use), 1, 0), strokes )} -> 1 | L73: =IF($H73=0,"",$H73-K73) -> 5 | M73: {=SUMIFS(Front9_Scores!$D:$D, Front9_Scores!$A:$A, $A73, Front9_Scores!$B:$B, INDEX($B:$B,$AC73), Front9_Scores!$C:$C, $B73)} -> 4 | N73: {=LET(player_hcp,INDEX($E:$E,$AC73),player_tee,INDEX($F:$F,$AC73),current_hole,$B73,hole_hcp_index,XLOOKUP(current_hole,Course!$A:$A,XLOOKUP(player_tee,Course!$D$1:$F$1,Course!$D:$F)),IF(player_hcp>=hole_hcp_index,1,0)+IF(player_hcp>=(18+hole_hcp_index),1,0))} -> 1 | O73: =IF(M73=0,"",M73-N73) -> 3 | P73: {=LET(player_hcp,INDEX($E:$E,$AC73),current_hole,$B73,hole_hcp_index,VLOOKUP(current_hole,Course!$A:$G,7,FALSE),IF(player_hcp>=hole_hcp_index,1,0)+IF(player_hcp>=(18+hole_hcp_index),1,0))} -> 1 | Q73: =IF($M73=0,"",$M73-P73) -> 3 | R73: {=SUMIFS(Front9_Scores!$D:$D, Front9_Scores!$A:$A, $A73, Front9_Scores!$B:$B, INDEX($B:$B,$AD73), Front9_Scores!$C:$C, $B73)} -> 6 | S73: {=LET(player_hcp,INDEX($E:$E,$AD73),player_tee,INDEX($F:$F,$AD73),current_hole,$B73,hole_hcp_index,XLOOKUP(current_hole,Course!$A:$A,XLOOKUP(player_tee,Course!$D$1:$F$1,Course!$D:$F)),IF(player_hcp>=hole_hcp_index,1,0)+IF(player_hcp>=(18+hole_hcp_index),1,0))} -> 1 | T73: =IF(R73=0,"",R73-S73) -> 5 | U73: {=LET( player_row, $AD73, player_hcp, INDEX($E:$E, player_row), player_flight, INDEX($A:$A, player_row), player_team, INDEX($C:$C, player_row), current_hole, $B73, flight_number, VALUE(RIGHT(player_flight, LEN(player_flight) - 7)), pair_id, "F" & flight_number & "-" & player_team, pair_row, MATCH(pair_id, $I:$I, 0), is_mixed, INDEX($N:$N, pair_row), mixed_hcp_index, VLOOKUP(current_hole, Course!$A:$G, 7, FALSE), default_hcp_index, VLOOKUP(current_hole, Course!$A:$G, 3, FALSE), hole_hcp_index_to_use, IF(is_mixed, mixed_hcp_index, default_hcp_index), strokes, IF(player_hcp>=hole_hcp_index_to_use, 1, 0) + IF(player_hcp>=(18+hole_hcp_index_to_use), 1, 0), strokes )} -> 1 | V73: =IF($R73=0,"",$R73-U73) -> 5 | W73: =IF(COUNT(G73,L73,Q73,V73)<4,"",LET(Red_Best_Ball,MIN(G73,L73),Blue_Best_Ball,MIN(Q73,V73),IF(Red_Best_Ball<Blue_Best_Ball,"Red",IF(Blue_Best_Ball<Red_Best_Ball,"Blue","Tie")))) -> Tie | X73: =IF(COUNT(E73,O73)<2,"",IF(E73<O73,"Red",IF(O73<E73,"Blue","Tie"))) -> Tie | Y73: =IF(COUNT(J73,T73)<2,"",IF(J73<T73,"Red",IF(T73<J73,"Blue","Tie"))) -> Tie | Z73: =A73 -> Flight_4 | AA73: 16 | AB73: 17 | AC73: 14 | AD73: 15
A74: Flight_4 | B74: 6 | C74: {=SUMIFS(Front9_Scores!$D:$D, Front9_Scores!$A:$A, $A74, Front9_Scores!$B:$B, INDEX($B:$B,$AA74), Front9_Scores!$C:$C, $B74)} -> 5 | D74: {=LET(player_hcp,INDEX($E:$E,$AA74),player_tee,INDEX($F:$F,$AA74),current_hole,$B74,hole_hcp_index,XLOOKUP(current_hole,Course!$A:$A,XLOOKUP(player_tee,Course!$D$1:$F$1,Course!$D:$F)),IF(player_hcp>=hole_hcp_index,1,0)+IF(player_hcp>=(18+hole_hcp_index),1,0))} -> 1 | E74: =IF($C74=0,"",$C74-D74) -> 4 | F74: {=LET( player_row, $AA74, player_hcp, INDEX($E:$E, player_row), player_flight, INDEX($A:$A, player_row), player_team, INDEX($C:$C, player_row), current_hole, $B74, flight_number, VALUE(RIGHT(player_flight, LEN(player_flight) - 7)), pair_id, "F" & flight_number & "-" & player_team, pair_row, MATCH(pair_id, $I:$I, 0), is_mixed, INDEX($N:$N, pair_row), mixed_hcp_index, VLOOKUP(current_hole, Course!$A:$G, 7, FALSE), default_hcp_index, VLOOKUP(current_hole, Course!$A:$G, 3, FALSE), hole_hcp_index_to_use, IF(is_mixed, mixed_hcp_index, default_hcp_index), strokes, IF(player_hcp>=hole_hcp_index_to_use, 1, 0) + IF(player_hcp>=(18+hole_hcp_index_to_use), 1, 0), strokes )} -> 1 | G74: =IF($C74=0,"",$C74-F74) -> 4 | H74: {=SUMIFS(Front9_Scores!$D:$D, Front9_Scores!$A:$A, $A74, Front9_Scores!$B:$B, INDEX($B:$B,$AB74), Front9_Scores!$C:$C, $B74)} -> 3 | I74: {=LET(player_hcp,INDEX($E:$E,$AB74),player_tee,INDEX($F:$F,$AB74),current_hole,$B74,hole_hcp_index,XLOOKUP(current_hole,Course!$A:$A,XLOOKUP(player_tee,Course!$D$1:$F$1,Course!$D:$F)),IF(player_hcp>=hole_hcp_index,1,0)+IF(player_hcp>=(18+hole_hcp_index),1,0))} -> 1 | J74: =IF($H74=0,"",$H74-I74) -> 2 | K74: {=LET( player_row, $AB74, player_hcp, INDEX($E:$E, player_row), player_flight, INDEX($A:$A, player_row), player_team, INDEX($C:$C, player_row), current_hole, $B74, flight_number, VALUE(RIGHT(player_flight, LEN(player_flight) - 7)), pair_id, "F" & flight_number & "-" & player_team, pair_row, MATCH(pair_id, $I:$I, 0), is_mixed, INDEX($N:$N, pair_row), mixed_hcp_index, VLOOKUP(current_hole, Course!$A:$G, 7, FALSE), default_hcp_index, VLOOKUP(current_hole, Course!$A:$G, 3, FALSE), hole_hcp_index_to_use, IF(is_mixed, mixed_hcp_index, default_hcp_index), strokes, IF(player_hcp>=hole_hcp_index_to_use, 1, 0) + IF(player_hcp>=(18+hole_hcp_index_to_use), 1, 0), strokes )} -> 1 | L74: =IF($H74=0,"",$H74-K74) -> 2 | M74: {=SUMIFS(Front9_Scores!$D:$D, Front9_Scores!$A:$A, $A74, Front9_Scores!$B:$B, INDEX($B:$B,$AC74), Front9_Scores!$C:$C, $B74)} -> 5 | N74: {=LET(player_hcp,INDEX($E:$E,$AC74),player_tee,INDEX($F:$F,$AC74),current_hole,$B74,hole_hcp_index,XLOOKUP(current_hole,Course!$A:$A,XLOOKUP(player_tee,Course!$D$1:$F$1,Course!$D:$F)),IF(player_hcp>=hole_hcp_index,1,0)+IF(player_hcp>=(18+hole_hcp_index),1,0))} -> 1 | O74: =IF(M74=0,"",M74-N74) -> 4 | P74: {=LET(player_hcp,INDEX($E:$E,$AC74),current_hole,$B74,hole_hcp_index,VLOOKUP(current_hole,Course!$A:$G,7,FALSE),IF(player_hcp>=hole_hcp_index,1,0)+IF(player_hcp>=(18+hole_hcp_index),1,0))} -> 0 | Q74: =IF($M74=0,"",$M74-P74) -> 5 | R74: {=SUMIFS(Front9_Scores!$D:$D, Front9_Scores!$A:$A, $A74, Front9_Scores!$B:$B, INDEX($B:$B,$AD74), Front9_Scores!$C:$C, $B74)} -> 6 | S74: {=LET(player_hcp,INDEX($E:$E,$AD74),player_tee,INDEX($F:$F,$AD74),current_hole,$B74,hole_hcp_index,XLOOKUP(current_hole,Course!$A:$A,XLOOKUP(player_tee,Course!$D$1:$F$1,Course!$D:$F)),IF(player_hcp>=hole_hcp_index,1,0)+IF(player_hcp>=(18+hole_hcp_index),1,0))} -> 1 | T74: =IF(R74=0,"",R74-S74) -> 5 | U74: {=LET( player_row, $AD74, player_hcp, INDEX($E:$E, player_row), player_flight, INDEX($A:$A, player_row), player_team, INDEX($C:$C, player_row), current_hole, $B74, flight_number, VALUE(RIGHT(player_flight, LEN(player_flight) - 7)), pair_id, "F" & flight_number & "-" & player_team, pair_row, MATCH(pair_id, $I:$I, 0), is_mixed, INDEX($N:$N, pair_row), mixed_hcp_index, VLOOKUP(current_hole, Course!$A:$G, 7, FALSE), default_hcp_index, VLOOKUP(current_hole, Course!$A:$G, 3, FALSE), hole_hcp_index_to_use, IF(is_mixed, mixed_hcp_index, default_hcp_index), strokes, IF(player_hcp>=hole_hcp_index_to_use, 1, 0) + IF(player_hcp>=(18+hole_hcp_index_to_use), 1, 0), strokes )} -> 1 | V74: =IF($R74=0,"",$R74-U74) -> 5 | W74: =IF(COUNT(G74,L74,Q74,V74)<4,"",LET(Red_Best_Ball,MIN(G74,L74),Blue_Best_Ball,MIN(Q74,V74),IF(Red_Best_Ball<Blue_Best_Ball,"Red",IF(Blue_Best_Ball<Red_Best_Ball,"Blue","Tie")))) -> Red | X74: =IF(COUNT(E74,O74)<2,"",IF(E74<O74,"Red",IF(O74<E74,"Blue","Tie"))) -> Tie | Y74: =IF(COUNT(J74,T74)<2,"",IF(J74<T74,"Red",IF(T74<J74,"Blue","Tie"))) -> Red | Z74: =A74 -> Flight_4 | AA74: 16 | AB74: 17 | AC74: 14 | AD74: 15
A75: Flight_4 | B75: 7 | C75: {=SUMIFS(Front9_Scores!$D:$D, Front9_Scores!$A:$A, $A75, Front9_Scores!$B:$B, INDEX($B:$B,$AA75), Front9_Scores!$C:$C, $B75)} -> 3 | D75: {=LET(player_hcp,INDEX($E:$E,$AA75),player_tee,INDEX($F:$F,$AA75),current_hole,$B75,hole_hcp_index,XLOOKUP(current_hole,Course!$A:$A,XLOOKUP(player_tee,Course!$D$1:$F$1,Course!$D:$F)),IF(player_hcp>=hole_hcp_index,1,0)+IF(player_hcp>=(18+hole_hcp_index),1,0))} -> 1 | E75: =IF($C75=0,"",$C75-D75) -> 2 | F75: {=LET( player_row, $AA75, player_hcp, INDEX($E:$E, player_row), player_flight, INDEX($A:$A, player_row), player_team, INDEX($C:$C, player_row), current_hole, $B75, flight_number, VALUE(RIGHT(player_flight, LEN(player_flight) - 7)), pair_id, "F" & flight_number & "-" & player_team, pair_row, MATCH(pair_id, $I:$I, 0), is_mixed, INDEX($N:$N, pair_row), mixed_hcp_index, VLOOKUP(current_hole, Course!$A:$G, 7, FALSE), default_hcp_index, VLOOKUP(current_hole, Course!$A:$G, 3, FALSE), hole_hcp_index_to_use, IF(is_mixed, mixed_hcp_index, default_hcp_index), strokes, IF(player_hcp>=hole_hcp_index_to_use, 1, 0) + IF(player_hcp>=(18+hole_hcp_index_to_use), 1, 0), strokes )} -> 1 | G75: =IF($C75=0,"",$C75-F75) -> 2 | H75: {=SUMIFS(Front9_Scores!$D:$D, Front9_Scores!$A:$A, $A75, Front9_Scores!$B:$B, INDEX($B:$B,$AB75), Front9_Scores!$C:$C, $B75)} -> 3 | I75: {=LET(player_hcp,INDEX($E:$E,$AB75),player_tee,INDEX($F:$F,$AB75),current_hole,$B75,hole_hcp_index,XLOOKUP(current_hole,Course!$A:$A,XLOOKUP(player_tee,Course!$D$1:$F$1,Course!$D:$F)),IF(player_hcp>=hole_hcp_index,1,0)+IF(player_hcp>=(18+hole_hcp_index),1,0))} -> 0 | J75: =IF($H75=0,"",$H75-I75) -> 3 | K75: {=LET( player_row, $AB75, player_hcp, INDEX($E:$E, player_row), player_flight, INDEX($A:$A, player_row), player_team, INDEX($C:$C, player_row), current_hole, $B75, flight_number, VALUE(RIGHT(player_flight, LEN(player_flight) - 7)), pair_id, "F" & flight_number & "-" & player_team, pair_row, MATCH(pair_id, $I:$I, 0), is_mixed, INDEX($N:$N, pair_row), mixed_hcp_index, VLOOKUP(current_hole, Course!$A:$G, 7, FALSE), default_hcp_index, VLOOKUP(current_hole, Course!$A:$G, 3, FALSE), hole_hcp_index_to_use, IF(is_mixed, mixed_hcp_index, default_hcp_index), strokes, IF(player_hcp>=hole_hcp_index_to_use, 1, 0) + IF(player_hcp>=(18+hole_hcp_index_to_use), 1, 0), strokes )} -> 0 | L75: =IF($H75=0,"",$H75-K75) -> 3 | M75: {=SUMIFS(Front9_Scores!$D:$D, Front9_Scores!$A:$A, $A75, Front9_Scores!$B:$B, INDEX($B:$B,$AC75), Front9_Scores!$C:$C, $B75)} -> 4 | N75: {=LET(player_hcp,INDEX($E:$E,$AC75),player_tee,INDEX($F:$F,$AC75),current_hole,$B75,hole_hcp_index,XLOOKUP(current_hole,Course!$A:$A,XLOOKUP(player_tee,Course!$D$1:$F$1,Course!$D:$F)),IF(player_hcp>=hole_hcp_index,1,0)+IF(player_hcp>=(18+hole_hcp_index),1,0))} -> 0 | O75: =IF(M75=0,"",M75-N75) -> 4 | P75: {=LET(player_hcp,INDEX($E:$E,$AC75),current_hole,$B75,hole_hcp_index,VLOOKUP(current_hole,Course!$A:$G,7,FALSE),IF(player_hcp>=hole_hcp_index,1,0)+IF(player_hcp>=(18+hole_hcp_index),1,0))} -> 0 | Q75: =IF($M75=0,"",$M75-P75) -> 4 | R75: {=SUMIFS(Front9_Scores!$D:$D, Front9_Scores!$A:$A, $A75, Front9_Scores!$B:$B, INDEX($B:$B,$AD75), Front9_Scores!$C:$C, $B75)} -> 5 | S75: {=LET(player_hcp,INDEX($E:$E,$AD75),player_tee,INDEX($F:$F,$AD75),current_hole,$B75,hole_hcp_index,XLOOKUP(current_hole,Course!$A:$A,XLOOKUP(player_tee,Course!$D$1:$F$1,Course!$D:$F)),IF(player_hcp>=hole_hcp_index,1,0)+IF(player_hcp>=(18+hole_hcp_index),1,0))} -> 1 | T75: =IF(R75=0,"",R75-S75) -> 4 | U75: {=LET( player_row, $AD75, player_hcp, INDEX($E:$E, player_row), player_flight, INDEX($A:$A, player_row), player_team, INDEX($C:$C, player_row), current_hole, $B75, flight_number, VALUE(RIGHT(player_flight, LEN(player_flight) - 7)), pair_id, "F" & flight_number & "-" & player_team, pair_row, MATCH(pair_id, $I:$I, 0), is_mixed, INDEX($N:$N, pair_row), mixed_hcp_index, VLOOKUP(current_hole, Course!$A:$G, 7, FALSE), default_hcp_index, VLOOKUP(current_hole, Course!$A:$G, 3, FALSE), hole_hcp_index_to_use, IF(is_mixed, mixed_hcp_index, default_hcp_index), strokes, IF(player_hcp>=hole_hcp_index_to_use, 1, 0) + IF(player_hcp>=(18+hole_hcp_index_to_use), 1, 0), strokes )} -> 1 | V75: =IF($R75=0,"",$R75-U75) -> 4 | W75: =IF(COUNT(G75,L75,Q75,V75)<4,"",LET(Red_Best_Ball,MIN(G75,L75),Blue_Best_Ball,MIN(Q75,V75),IF(Red_Best_Ball<Blue_Best_Ball,"Red",IF(Blue_Best_Ball<Red_Best_Ball,"Blue","Tie")))) -> Red | X75: =IF(COUNT(E75,O75)<2,"",IF(E75<O75,"Red",IF(O75<E75,"Blue","Tie"))) -> Red | Y75: =IF(COUNT(J75,T75)<2,"",IF(J75<T75,"Red",IF(T75<J75,"Blue","Tie"))) -> Red | Z75: =A75 -> Flight_4 | AA75: 16 | AB75: 17 | AC75: 14 | AD75: 15
